
delete from NOM_PLANTA_CULTURA;
commit;
insert into NOM_PLANTA_CULTURA (id_nom_planta_cultura, fk_nom_planta_cultura, cod, denumire, descriere, last_modified_date)
values (1000, null, '1', 'adaugat-editat1', 'adaugat-editat1', to_timestamp('29-01-2016 10:24:12.000000', 'dd-mm-yyyy hh24:mi:ss.ff'));
insert into NOM_PLANTA_CULTURA (id_nom_planta_cultura, fk_nom_planta_cultura, cod, denumire, descriere, last_modified_date)
values (1001, 1000, '2', 'adaugat-editat2', 'adaugat-editat2', to_timestamp('29-01-2016 10:24:23.000000', 'dd-mm-yyyy hh24:mi:ss.ff'));
insert into NOM_PLANTA_CULTURA (id_nom_planta_cultura, fk_nom_planta_cultura, cod, denumire, descriere, last_modified_date)
values (1002, 1001, '3', 'adaugat-editat3', 'adaugat-editat2', to_timestamp('17-02-2016 17:00:19.000000', 'dd-mm-yyyy hh24:mi:ss.ff'));
commit;
delete from NOM_UNITATE_MASURA;
commit;
insert into NOM_UNITATE_MASURA (id_nom_unitate_masura, fk_nom_tip_unitate_masura, cod, denumire)
values (1, 1, 'MP', 'Metri pătrați');
insert into NOM_UNITATE_MASURA (id_nom_unitate_masura, fk_nom_tip_unitate_masura, cod, denumire)
values (2, 1, 'HA', 'Hectare');
insert into NOM_UNITATE_MASURA (id_nom_unitate_masura, fk_nom_tip_unitate_masura, cod, denumire)
values (3, 1, 'ARI', 'Ari');
insert into NOM_UNITATE_MASURA (id_nom_unitate_masura, fk_nom_tip_unitate_masura, cod, denumire)
values (4, 2, 'KG', 'Kilograme');
insert into NOM_UNITATE_MASURA (id_nom_unitate_masura, fk_nom_tip_unitate_masura, cod, denumire)
values (5, 2, 'T', 'Tone');
insert into NOM_UNITATE_MASURA (id_nom_unitate_masura, fk_nom_tip_unitate_masura, cod, denumire)
values (6, 3, 'BUC', 'Bucăți');
insert into NOM_UNITATE_MASURA (id_nom_unitate_masura, fk_nom_tip_unitate_masura, cod, denumire)
values (7, 3, 'KBUC', 'Mii bucăți');
insert into NOM_UNITATE_MASURA (id_nom_unitate_masura, fk_nom_tip_unitate_masura, cod, denumire)
values (8, 3, 'CAP', 'Capete');
insert into NOM_UNITATE_MASURA (id_nom_unitate_masura, fk_nom_tip_unitate_masura, cod, denumire)
values (9, 3, 'FIRE', 'Fire');
insert into NOM_UNITATE_MASURA (id_nom_unitate_masura, fk_nom_tip_unitate_masura, cod, denumire)
values (10, 3, 'KFIRE', 'Mii fire');
insert into NOM_UNITATE_MASURA (id_nom_unitate_masura, fk_nom_tip_unitate_masura, cod, denumire)
values (11, 3, 'FAM', 'Familii');
insert into NOM_UNITATE_MASURA (id_nom_unitate_masura, fk_nom_tip_unitate_masura, cod, denumire)
values (12, 4, 'L', 'Litri');
insert into NOM_UNITATE_MASURA (id_nom_unitate_masura, fk_nom_tip_unitate_masura, cod, denumire)
values (13, 4, 'HL', 'Hectolitri');
insert into NOM_UNITATE_MASURA (id_nom_unitate_masura, fk_nom_tip_unitate_masura, cod, denumire)
values (14, 5, 'KG/HA', 'Kilograme pe hectar');
insert into NOM_UNITATE_MASURA (id_nom_unitate_masura, fk_nom_tip_unitate_masura, cod, denumire)
values (15, 5, 'KG/CAP', 'Kilograme pe cap ');
insert into NOM_UNITATE_MASURA (id_nom_unitate_masura, fk_nom_tip_unitate_masura, cod, denumire)
values (16, 5, 'BUC/CAP', 'Bucăți pe cap');
insert into NOM_UNITATE_MASURA (id_nom_unitate_masura, fk_nom_tip_unitate_masura, cod, denumire)
values (17, 5, 'L/CAP', 'Litri pe cap');
insert into NOM_UNITATE_MASURA (id_nom_unitate_masura, fk_nom_tip_unitate_masura, cod, denumire)
values (18, 5, 'FIRE/HA', 'Fire pe hectar');
insert into NOM_UNITATE_MASURA (id_nom_unitate_masura, fk_nom_tip_unitate_masura, cod, denumire)
values (19, 5, 'KG/FAM', 'Kilograme pe familie');
commit;
delete from CAP_CULTURA_PROD;
commit;
insert into CAP_CULTURA_PROD (id_cap_cultura_prod, fk_cap_cultura_prod, fk_nom_capitol, fk_nom_unitate_masura, fk_nom_planta_cultura, cod, denumire, descriere, cod_rand, is_formula, tip_formula_relatie, is_suprafata, is_prod_medie, is_prod_total, data_start, data_stop, base_id, last_modified_date)
values (1, null, 49, 5, null, '1', 'Cereale pentru boabe – total (exclusiv sămânța) cod (02+...+19)', null, 1, 0, 1, 0, 0, 0, to_date('22-10-2015 03:00:00', 'dd-mm-yyyy hh24:mi:ss'), null, 1, to_timestamp('18-02-2016 15:28:24.000000', 'dd-mm-yyyy hh24:mi:ss.ff'));
insert into CAP_CULTURA_PROD (id_cap_cultura_prod, fk_cap_cultura_prod, fk_nom_capitol, fk_nom_unitate_masura, fk_nom_planta_cultura, cod, denumire, descriere, cod_rand, is_formula, tip_formula_relatie, is_suprafata, is_prod_medie, is_prod_total, data_start, data_stop, base_id, last_modified_date)
values (2, 1, 49, 5, null, '2', 'Grâu comun de toamnă', null, 2, 0, 1, 1, 1, 1, to_date('23-10-2015', 'dd-mm-yyyy'), null, 2, to_timestamp('19-11-2015 11:19:39.000000', 'dd-mm-yyyy hh24:mi:ss.ff'));
insert into CAP_CULTURA_PROD (id_cap_cultura_prod, fk_cap_cultura_prod, fk_nom_capitol, fk_nom_unitate_masura, fk_nom_planta_cultura, cod, denumire, descriere, cod_rand, is_formula, tip_formula_relatie, is_suprafata, is_prod_medie, is_prod_total, data_start, data_stop, base_id, last_modified_date)
values (3, 1, 49, 5, null, '3', 'Grâu comun de primăvară', null, 3, 0, 1, 1, 1, 1, to_date('23-10-2015', 'dd-mm-yyyy'), null, 3, to_timestamp('19-11-2015 11:19:39.000000', 'dd-mm-yyyy hh24:mi:ss.ff'));
insert into CAP_CULTURA_PROD (id_cap_cultura_prod, fk_cap_cultura_prod, fk_nom_capitol, fk_nom_unitate_masura, fk_nom_planta_cultura, cod, denumire, descriere, cod_rand, is_formula, tip_formula_relatie, is_suprafata, is_prod_medie, is_prod_total, data_start, data_stop, base_id, last_modified_date)
values (4, 1, 49, 5, null, '4', 'Grâu dur de toamnă', null, 4, 0, 1, 1, 1, 1, to_date('23-10-2015', 'dd-mm-yyyy'), null, 4, to_timestamp('19-11-2015 11:19:39.000000', 'dd-mm-yyyy hh24:mi:ss.ff'));
insert into CAP_CULTURA_PROD (id_cap_cultura_prod, fk_cap_cultura_prod, fk_nom_capitol, fk_nom_unitate_masura, fk_nom_planta_cultura, cod, denumire, descriere, cod_rand, is_formula, tip_formula_relatie, is_suprafata, is_prod_medie, is_prod_total, data_start, data_stop, base_id, last_modified_date)
values (5, 1, 49, 5, null, '5', 'Grâu dur de primăvară', null, 5, 0, 1, 1, 1, 1, to_date('23-10-2015', 'dd-mm-yyyy'), null, 5, to_timestamp('19-11-2015 11:19:39.000000', 'dd-mm-yyyy hh24:mi:ss.ff'));
insert into CAP_CULTURA_PROD (id_cap_cultura_prod, fk_cap_cultura_prod, fk_nom_capitol, fk_nom_unitate_masura, fk_nom_planta_cultura, cod, denumire, descriere, cod_rand, is_formula, tip_formula_relatie, is_suprafata, is_prod_medie, is_prod_total, data_start, data_stop, base_id, last_modified_date)
values (6, 1, 49, 5, null, '6', 'Secară de toamnă', null, 6, 0, 1, 1, 1, 1, to_date('23-10-2015', 'dd-mm-yyyy'), null, 6, to_timestamp('19-11-2015 11:19:39.000000', 'dd-mm-yyyy hh24:mi:ss.ff'));
insert into CAP_CULTURA_PROD (id_cap_cultura_prod, fk_cap_cultura_prod, fk_nom_capitol, fk_nom_unitate_masura, fk_nom_planta_cultura, cod, denumire, descriere, cod_rand, is_formula, tip_formula_relatie, is_suprafata, is_prod_medie, is_prod_total, data_start, data_stop, base_id, last_modified_date)
values (7, 1, 49, 5, null, '7', 'Secară de primăvară', null, 7, 0, 1, 1, 1, 1, to_date('23-10-2015', 'dd-mm-yyyy'), null, 7, to_timestamp('19-11-2015 11:19:39.000000', 'dd-mm-yyyy hh24:mi:ss.ff'));
insert into CAP_CULTURA_PROD (id_cap_cultura_prod, fk_cap_cultura_prod, fk_nom_capitol, fk_nom_unitate_masura, fk_nom_planta_cultura, cod, denumire, descriere, cod_rand, is_formula, tip_formula_relatie, is_suprafata, is_prod_medie, is_prod_total, data_start, data_stop, base_id, last_modified_date)
values (8, 1, 49, 5, null, '8', 'Orz', null, 8, 0, 1, 1, 1, 1, to_date('23-10-2015', 'dd-mm-yyyy'), null, 8, to_timestamp('19-11-2015 11:19:39.000000', 'dd-mm-yyyy hh24:mi:ss.ff'));
insert into CAP_CULTURA_PROD (id_cap_cultura_prod, fk_cap_cultura_prod, fk_nom_capitol, fk_nom_unitate_masura, fk_nom_planta_cultura, cod, denumire, descriere, cod_rand, is_formula, tip_formula_relatie, is_suprafata, is_prod_medie, is_prod_total, data_start, data_stop, base_id, last_modified_date)
values (9, 1, 49, 5, null, '9', 'Orzoaică de toamnă', null, 9, 0, 1, 1, 1, 1, to_date('23-10-2015', 'dd-mm-yyyy'), null, 9, to_timestamp('19-11-2015 11:19:39.000000', 'dd-mm-yyyy hh24:mi:ss.ff'));
insert into CAP_CULTURA_PROD (id_cap_cultura_prod, fk_cap_cultura_prod, fk_nom_capitol, fk_nom_unitate_masura, fk_nom_planta_cultura, cod, denumire, descriere, cod_rand, is_formula, tip_formula_relatie, is_suprafata, is_prod_medie, is_prod_total, data_start, data_stop, base_id, last_modified_date)
values (10, 1, 49, 5, null, '10', 'Orzoaică de primăvară', null, 10, 0, 1, 1, 1, 1, to_date('23-10-2015', 'dd-mm-yyyy'), null, 10, to_timestamp('19-11-2015 11:19:39.000000', 'dd-mm-yyyy hh24:mi:ss.ff'));
insert into CAP_CULTURA_PROD (id_cap_cultura_prod, fk_cap_cultura_prod, fk_nom_capitol, fk_nom_unitate_masura, fk_nom_planta_cultura, cod, denumire, descriere, cod_rand, is_formula, tip_formula_relatie, is_suprafata, is_prod_medie, is_prod_total, data_start, data_stop, base_id, last_modified_date)
values (11, 1, 49, 5, null, '11', 'Ovăz', null, 11, 0, 1, 1, 1, 1, to_date('23-10-2015', 'dd-mm-yyyy'), null, 11, to_timestamp('19-11-2015 11:19:39.000000', 'dd-mm-yyyy hh24:mi:ss.ff'));
insert into CAP_CULTURA_PROD (id_cap_cultura_prod, fk_cap_cultura_prod, fk_nom_capitol, fk_nom_unitate_masura, fk_nom_planta_cultura, cod, denumire, descriere, cod_rand, is_formula, tip_formula_relatie, is_suprafata, is_prod_medie, is_prod_total, data_start, data_stop, base_id, last_modified_date)
values (12, 1, 49, 5, null, '12', 'Porumb boabe', null, 12, 0, 1, 1, 1, 1, to_date('23-10-2015', 'dd-mm-yyyy'), null, 12, to_timestamp('19-11-2015 11:19:39.000000', 'dd-mm-yyyy hh24:mi:ss.ff'));
insert into CAP_CULTURA_PROD (id_cap_cultura_prod, fk_cap_cultura_prod, fk_nom_capitol, fk_nom_unitate_masura, fk_nom_planta_cultura, cod, denumire, descriere, cod_rand, is_formula, tip_formula_relatie, is_suprafata, is_prod_medie, is_prod_total, data_start, data_stop, base_id, last_modified_date)
values (13, 1, 49, 5, null, '13', 'Sorg pentru boabe', null, 13, 0, 1, 1, 1, 1, to_date('23-10-2015', 'dd-mm-yyyy'), null, 13, to_timestamp('19-11-2015 11:19:39.000000', 'dd-mm-yyyy hh24:mi:ss.ff'));
insert into CAP_CULTURA_PROD (id_cap_cultura_prod, fk_cap_cultura_prod, fk_nom_capitol, fk_nom_unitate_masura, fk_nom_planta_cultura, cod, denumire, descriere, cod_rand, is_formula, tip_formula_relatie, is_suprafata, is_prod_medie, is_prod_total, data_start, data_stop, base_id, last_modified_date)
values (14, 1, 49, 5, null, '14', 'Triticale de toamnă', null, 14, 0, 1, 1, 1, 1, to_date('23-10-2015', 'dd-mm-yyyy'), null, 14, to_timestamp('19-11-2015 11:19:39.000000', 'dd-mm-yyyy hh24:mi:ss.ff'));
insert into CAP_CULTURA_PROD (id_cap_cultura_prod, fk_cap_cultura_prod, fk_nom_capitol, fk_nom_unitate_masura, fk_nom_planta_cultura, cod, denumire, descriere, cod_rand, is_formula, tip_formula_relatie, is_suprafata, is_prod_medie, is_prod_total, data_start, data_stop, base_id, last_modified_date)
values (15, 1, 49, 5, null, '15', 'Triticale de primăvară', null, 15, 0, 1, 1, 1, 1, to_date('23-10-2015', 'dd-mm-yyyy'), null, 15, to_timestamp('19-11-2015 11:19:39.000000', 'dd-mm-yyyy hh24:mi:ss.ff'));
insert into CAP_CULTURA_PROD (id_cap_cultura_prod, fk_cap_cultura_prod, fk_nom_capitol, fk_nom_unitate_masura, fk_nom_planta_cultura, cod, denumire, descriere, cod_rand, is_formula, tip_formula_relatie, is_suprafata, is_prod_medie, is_prod_total, data_start, data_stop, base_id, last_modified_date)
values (16, 1, 49, 5, null, '16', 'Orez', null, 16, 0, 1, 1, 1, 1, to_date('23-10-2015', 'dd-mm-yyyy'), null, 16, to_timestamp('19-11-2015 11:19:39.000000', 'dd-mm-yyyy hh24:mi:ss.ff'));
insert into CAP_CULTURA_PROD (id_cap_cultura_prod, fk_cap_cultura_prod, fk_nom_capitol, fk_nom_unitate_masura, fk_nom_planta_cultura, cod, denumire, descriere, cod_rand, is_formula, tip_formula_relatie, is_suprafata, is_prod_medie, is_prod_total, data_start, data_stop, base_id, last_modified_date)
values (17, 1, 49, 5, null, '17', 'Mei', null, 17, 0, 1, 1, 1, 1, to_date('23-10-2015', 'dd-mm-yyyy'), null, 17, to_timestamp('19-11-2015 11:19:39.000000', 'dd-mm-yyyy hh24:mi:ss.ff'));
insert into CAP_CULTURA_PROD (id_cap_cultura_prod, fk_cap_cultura_prod, fk_nom_capitol, fk_nom_unitate_masura, fk_nom_planta_cultura, cod, denumire, descriere, cod_rand, is_formula, tip_formula_relatie, is_suprafata, is_prod_medie, is_prod_total, data_start, data_stop, base_id, last_modified_date)
values (18, 1, 49, 5, null, '18', 'Hrișcă', null, 18, 0, 1, 1, 1, 1, to_date('23-10-2015', 'dd-mm-yyyy'), null, 18, to_timestamp('19-11-2015 11:19:39.000000', 'dd-mm-yyyy hh24:mi:ss.ff'));
insert into CAP_CULTURA_PROD (id_cap_cultura_prod, fk_cap_cultura_prod, fk_nom_capitol, fk_nom_unitate_masura, fk_nom_planta_cultura, cod, denumire, descriere, cod_rand, is_formula, tip_formula_relatie, is_suprafata, is_prod_medie, is_prod_total, data_start, data_stop, base_id, last_modified_date)
values (19, 1, 49, 5, null, '19', 'Alte cereale', null, 19, 0, 1, 1, 1, 1, to_date('23-10-2015', 'dd-mm-yyyy'), null, 19, to_timestamp('19-11-2015 11:19:39.000000', 'dd-mm-yyyy hh24:mi:ss.ff'));
insert into CAP_CULTURA_PROD (id_cap_cultura_prod, fk_cap_cultura_prod, fk_nom_capitol, fk_nom_unitate_masura, fk_nom_planta_cultura, cod, denumire, descriere, cod_rand, is_formula, tip_formula_relatie, is_suprafata, is_prod_medie, is_prod_total, data_start, data_stop, base_id, last_modified_date)
values (20, null, 49, 5, null, '20', 'Leguminoase boabe – total (exclusiv sămânța) cod (21+...+26)', null, 20, 1, 1, 1, 0, 1, to_date('23-10-2015', 'dd-mm-yyyy'), null, 20, to_timestamp('02-02-2016 17:26:04.000000', 'dd-mm-yyyy hh24:mi:ss.ff'));
insert into CAP_CULTURA_PROD (id_cap_cultura_prod, fk_cap_cultura_prod, fk_nom_capitol, fk_nom_unitate_masura, fk_nom_planta_cultura, cod, denumire, descriere, cod_rand, is_formula, tip_formula_relatie, is_suprafata, is_prod_medie, is_prod_total, data_start, data_stop, base_id, last_modified_date)
values (21, 20, 49, 5, null, '21', 'Mazăre boabe', null, 21, 0, 1, 1, 1, 1, to_date('23-10-2015', 'dd-mm-yyyy'), null, 21, to_timestamp('19-11-2015 11:19:39.000000', 'dd-mm-yyyy hh24:mi:ss.ff'));
insert into CAP_CULTURA_PROD (id_cap_cultura_prod, fk_cap_cultura_prod, fk_nom_capitol, fk_nom_unitate_masura, fk_nom_planta_cultura, cod, denumire, descriere, cod_rand, is_formula, tip_formula_relatie, is_suprafata, is_prod_medie, is_prod_total, data_start, data_stop, base_id, last_modified_date)
values (22, 20, 49, 5, null, '22', 'Fasole boabe', null, 22, 0, 1, 1, 1, 1, to_date('23-10-2015', 'dd-mm-yyyy'), null, 22, to_timestamp('19-11-2015 11:19:39.000000', 'dd-mm-yyyy hh24:mi:ss.ff'));
insert into CAP_CULTURA_PROD (id_cap_cultura_prod, fk_cap_cultura_prod, fk_nom_capitol, fk_nom_unitate_masura, fk_nom_planta_cultura, cod, denumire, descriere, cod_rand, is_formula, tip_formula_relatie, is_suprafata, is_prod_medie, is_prod_total, data_start, data_stop, base_id, last_modified_date)
values (23, 20, 49, 5, null, '23', 'Linte', null, 23, 0, 1, 1, 1, 1, to_date('23-10-2015', 'dd-mm-yyyy'), null, 23, to_timestamp('19-11-2015 11:19:39.000000', 'dd-mm-yyyy hh24:mi:ss.ff'));
insert into CAP_CULTURA_PROD (id_cap_cultura_prod, fk_cap_cultura_prod, fk_nom_capitol, fk_nom_unitate_masura, fk_nom_planta_cultura, cod, denumire, descriere, cod_rand, is_formula, tip_formula_relatie, is_suprafata, is_prod_medie, is_prod_total, data_start, data_stop, base_id, last_modified_date)
values (24, 20, 49, 5, null, '24', 'Bob', null, 24, 0, 1, 1, 1, 1, to_date('23-10-2015', 'dd-mm-yyyy'), null, 24, to_timestamp('19-11-2015 11:19:39.000000', 'dd-mm-yyyy hh24:mi:ss.ff'));
insert into CAP_CULTURA_PROD (id_cap_cultura_prod, fk_cap_cultura_prod, fk_nom_capitol, fk_nom_unitate_masura, fk_nom_planta_cultura, cod, denumire, descriere, cod_rand, is_formula, tip_formula_relatie, is_suprafata, is_prod_medie, is_prod_total, data_start, data_stop, base_id, last_modified_date)
values (25, 20, 49, 5, null, '25', 'Lupin', null, 25, 0, 1, 1, 1, 1, to_date('23-10-2015', 'dd-mm-yyyy'), null, 25, to_timestamp('19-11-2015 11:19:39.000000', 'dd-mm-yyyy hh24:mi:ss.ff'));
insert into CAP_CULTURA_PROD (id_cap_cultura_prod, fk_cap_cultura_prod, fk_nom_capitol, fk_nom_unitate_masura, fk_nom_planta_cultura, cod, denumire, descriere, cod_rand, is_formula, tip_formula_relatie, is_suprafata, is_prod_medie, is_prod_total, data_start, data_stop, base_id, last_modified_date)
values (26, 20, 49, 5, null, '26', 'Alte leguminoase boabe (năut, măzăriche etc.)', null, 26, 0, 1, 1, 1, 1, to_date('23-10-2015', 'dd-mm-yyyy'), null, 26, to_timestamp('19-11-2015 11:19:39.000000', 'dd-mm-yyyy hh24:mi:ss.ff'));
insert into CAP_CULTURA_PROD (id_cap_cultura_prod, fk_cap_cultura_prod, fk_nom_capitol, fk_nom_unitate_masura, fk_nom_planta_cultura, cod, denumire, descriere, cod_rand, is_formula, tip_formula_relatie, is_suprafata, is_prod_medie, is_prod_total, data_start, data_stop, base_id, last_modified_date)
values (27, null, 49, 5, null, '27', 'Rădăcinoase – total cod (28+29+30)', null, 27, 1, 1, 1, 0, 1, to_date('23-10-2015', 'dd-mm-yyyy'), null, 27, to_timestamp('02-02-2016 17:26:04.000000', 'dd-mm-yyyy hh24:mi:ss.ff'));
insert into CAP_CULTURA_PROD (id_cap_cultura_prod, fk_cap_cultura_prod, fk_nom_capitol, fk_nom_unitate_masura, fk_nom_planta_cultura, cod, denumire, descriere, cod_rand, is_formula, tip_formula_relatie, is_suprafata, is_prod_medie, is_prod_total, data_start, data_stop, base_id, last_modified_date)
values (28, 27, 49, 5, null, '28', 'Sfeclă de zahăr (exclusiv sămânță)', null, 28, 0, 1, 1, 1, 1, to_date('23-10-2015', 'dd-mm-yyyy'), null, 28, to_timestamp('19-11-2015 11:19:39.000000', 'dd-mm-yyyy hh24:mi:ss.ff'));
insert into CAP_CULTURA_PROD (id_cap_cultura_prod, fk_cap_cultura_prod, fk_nom_capitol, fk_nom_unitate_masura, fk_nom_planta_cultura, cod, denumire, descriere, cod_rand, is_formula, tip_formula_relatie, is_suprafata, is_prod_medie, is_prod_total, data_start, data_stop, base_id, last_modified_date)
values (29, 27, 49, 5, null, '29', 'Sfeclă furajeră (exclusiv sămânță)', null, 29, 0, 1, 1, 1, 1, to_date('23-10-2015', 'dd-mm-yyyy'), null, 29, to_timestamp('19-11-2015 11:19:39.000000', 'dd-mm-yyyy hh24:mi:ss.ff'));
insert into CAP_CULTURA_PROD (id_cap_cultura_prod, fk_cap_cultura_prod, fk_nom_capitol, fk_nom_unitate_masura, fk_nom_planta_cultura, cod, denumire, descriere, cod_rand, is_formula, tip_formula_relatie, is_suprafata, is_prod_medie, is_prod_total, data_start, data_stop, base_id, last_modified_date)
values (30, 27, 49, 5, null, '30', 'Alte rădăcinoase furajere (morcovi furajeri, napi, etc.) (exclusiv sămânță)', null, 30, 0, 1, 1, 1, 1, to_date('23-10-2015', 'dd-mm-yyyy'), null, 30, to_timestamp('19-11-2015 11:19:39.000000', 'dd-mm-yyyy hh24:mi:ss.ff'));
insert into CAP_CULTURA_PROD (id_cap_cultura_prod, fk_cap_cultura_prod, fk_nom_capitol, fk_nom_unitate_masura, fk_nom_planta_cultura, cod, denumire, descriere, cod_rand, is_formula, tip_formula_relatie, is_suprafata, is_prod_medie, is_prod_total, data_start, data_stop, base_id, last_modified_date)
values (31, null, 49, 5, null, '31', 'Cartofi – total (exclusiv sămânță) cod (32+33+34)', null, 31, 1, 1, 1, 1, 1, to_date('23-10-2015', 'dd-mm-yyyy'), null, 31, to_timestamp('02-02-2016 17:26:04.000000', 'dd-mm-yyyy hh24:mi:ss.ff'));
insert into CAP_CULTURA_PROD (id_cap_cultura_prod, fk_cap_cultura_prod, fk_nom_capitol, fk_nom_unitate_masura, fk_nom_planta_cultura, cod, denumire, descriere, cod_rand, is_formula, tip_formula_relatie, is_suprafata, is_prod_medie, is_prod_total, data_start, data_stop, base_id, last_modified_date)
values (32, 31, 49, 5, null, '32', 'a)timpurii și semitimpurii', null, 32, 0, 1, 1, 1, 1, to_date('23-10-2015', 'dd-mm-yyyy'), null, 32, to_timestamp('19-11-2015 11:19:39.000000', 'dd-mm-yyyy hh24:mi:ss.ff'));
insert into CAP_CULTURA_PROD (id_cap_cultura_prod, fk_cap_cultura_prod, fk_nom_capitol, fk_nom_unitate_masura, fk_nom_planta_cultura, cod, denumire, descriere, cod_rand, is_formula, tip_formula_relatie, is_suprafata, is_prod_medie, is_prod_total, data_start, data_stop, base_id, last_modified_date)
values (33, 31, 49, 5, null, '33', 'b)de vară', null, 33, 0, 1, 1, 1, 1, to_date('23-10-2015', 'dd-mm-yyyy'), null, 33, to_timestamp('19-11-2015 11:19:39.000000', 'dd-mm-yyyy hh24:mi:ss.ff'));
insert into CAP_CULTURA_PROD (id_cap_cultura_prod, fk_cap_cultura_prod, fk_nom_capitol, fk_nom_unitate_masura, fk_nom_planta_cultura, cod, denumire, descriere, cod_rand, is_formula, tip_formula_relatie, is_suprafata, is_prod_medie, is_prod_total, data_start, data_stop, base_id, last_modified_date)
values (34, 31, 49, 5, null, '34', 'c)de toamnă', null, 34, 0, 1, 1, 1, 1, to_date('23-10-2015', 'dd-mm-yyyy'), null, 34, to_timestamp('19-11-2015 11:19:39.000000', 'dd-mm-yyyy hh24:mi:ss.ff'));
insert into CAP_CULTURA_PROD (id_cap_cultura_prod, fk_cap_cultura_prod, fk_nom_capitol, fk_nom_unitate_masura, fk_nom_planta_cultura, cod, denumire, descriere, cod_rand, is_formula, tip_formula_relatie, is_suprafata, is_prod_medie, is_prod_total, data_start, data_stop, base_id, last_modified_date)
values (35, null, 49, 5, null, '35', 'Plante textile - total (exclusiv sămânța) cod (36+37)', null, 35, 1, 1, 1, 0, 1, to_date('23-10-2015', 'dd-mm-yyyy'), null, 35, to_timestamp('02-02-2016 17:26:04.000000', 'dd-mm-yyyy hh24:mi:ss.ff'));
insert into CAP_CULTURA_PROD (id_cap_cultura_prod, fk_cap_cultura_prod, fk_nom_capitol, fk_nom_unitate_masura, fk_nom_planta_cultura, cod, denumire, descriere, cod_rand, is_formula, tip_formula_relatie, is_suprafata, is_prod_medie, is_prod_total, data_start, data_stop, base_id, last_modified_date)
values (36, 35, 49, 5, null, '36', 'In pentru fibră', null, 36, 0, 1, 1, 1, 1, to_date('23-10-2015', 'dd-mm-yyyy'), null, 36, to_timestamp('19-11-2015 11:19:39.000000', 'dd-mm-yyyy hh24:mi:ss.ff'));
insert into CAP_CULTURA_PROD (id_cap_cultura_prod, fk_cap_cultura_prod, fk_nom_capitol, fk_nom_unitate_masura, fk_nom_planta_cultura, cod, denumire, descriere, cod_rand, is_formula, tip_formula_relatie, is_suprafata, is_prod_medie, is_prod_total, data_start, data_stop, base_id, last_modified_date)
values (37, 35, 49, 5, null, '37', 'Cânepă pentru fibră', null, 37, 0, 1, 1, 1, 1, to_date('23-10-2015', 'dd-mm-yyyy'), null, 37, to_timestamp('19-11-2015 11:19:39.000000', 'dd-mm-yyyy hh24:mi:ss.ff'));
insert into CAP_CULTURA_PROD (id_cap_cultura_prod, fk_cap_cultura_prod, fk_nom_capitol, fk_nom_unitate_masura, fk_nom_planta_cultura, cod, denumire, descriere, cod_rand, is_formula, tip_formula_relatie, is_suprafata, is_prod_medie, is_prod_total, data_start, data_stop, base_id, last_modified_date)
values (38, null, 49, 5, null, '38', 'Plante oleaginoase - total (exclusiv sămânța) cod (39+...+47)', null, 38, 1, 1, 1, 0, 1, to_date('23-10-2015', 'dd-mm-yyyy'), null, 38, to_timestamp('02-02-2016 17:26:04.000000', 'dd-mm-yyyy hh24:mi:ss.ff'));
insert into CAP_CULTURA_PROD (id_cap_cultura_prod, fk_cap_cultura_prod, fk_nom_capitol, fk_nom_unitate_masura, fk_nom_planta_cultura, cod, denumire, descriere, cod_rand, is_formula, tip_formula_relatie, is_suprafata, is_prod_medie, is_prod_total, data_start, data_stop, base_id, last_modified_date)
values (39, 38, 49, 5, null, '39', 'Floarea-soarelui', null, 39, 0, 1, 1, 1, 1, to_date('23-10-2015', 'dd-mm-yyyy'), null, 39, to_timestamp('19-11-2015 11:19:39.000000', 'dd-mm-yyyy hh24:mi:ss.ff'));
insert into CAP_CULTURA_PROD (id_cap_cultura_prod, fk_cap_cultura_prod, fk_nom_capitol, fk_nom_unitate_masura, fk_nom_planta_cultura, cod, denumire, descriere, cod_rand, is_formula, tip_formula_relatie, is_suprafata, is_prod_medie, is_prod_total, data_start, data_stop, base_id, last_modified_date)
values (40, 38, 49, 5, null, '40', 'Rapiță pentru ulei', null, 40, 0, 1, 1, 1, 1, to_date('23-10-2015', 'dd-mm-yyyy'), null, 40, to_timestamp('19-11-2015 11:19:39.000000', 'dd-mm-yyyy hh24:mi:ss.ff'));
insert into CAP_CULTURA_PROD (id_cap_cultura_prod, fk_cap_cultura_prod, fk_nom_capitol, fk_nom_unitate_masura, fk_nom_planta_cultura, cod, denumire, descriere, cod_rand, is_formula, tip_formula_relatie, is_suprafata, is_prod_medie, is_prod_total, data_start, data_stop, base_id, last_modified_date)
values (41, 38, 49, 5, null, '41', 'Soia boabe', null, 41, 0, 1, 1, 1, 1, to_date('23-10-2015', 'dd-mm-yyyy'), null, 41, to_timestamp('19-11-2015 11:19:39.000000', 'dd-mm-yyyy hh24:mi:ss.ff'));
insert into CAP_CULTURA_PROD (id_cap_cultura_prod, fk_cap_cultura_prod, fk_nom_capitol, fk_nom_unitate_masura, fk_nom_planta_cultura, cod, denumire, descriere, cod_rand, is_formula, tip_formula_relatie, is_suprafata, is_prod_medie, is_prod_total, data_start, data_stop, base_id, last_modified_date)
values (42, 38, 49, 5, null, '42', 'Muștar', null, 42, 0, 1, 1, 1, 1, to_date('23-10-2015', 'dd-mm-yyyy'), null, 42, to_timestamp('19-11-2015 11:19:39.000000', 'dd-mm-yyyy hh24:mi:ss.ff'));
insert into CAP_CULTURA_PROD (id_cap_cultura_prod, fk_cap_cultura_prod, fk_nom_capitol, fk_nom_unitate_masura, fk_nom_planta_cultura, cod, denumire, descriere, cod_rand, is_formula, tip_formula_relatie, is_suprafata, is_prod_medie, is_prod_total, data_start, data_stop, base_id, last_modified_date)
values (43, 38, 49, 5, null, '43', 'In pentru ulei', null, 43, 0, 1, 1, 1, 1, to_date('23-10-2015', 'dd-mm-yyyy'), null, 43, to_timestamp('19-11-2015 11:19:39.000000', 'dd-mm-yyyy hh24:mi:ss.ff'));
insert into CAP_CULTURA_PROD (id_cap_cultura_prod, fk_cap_cultura_prod, fk_nom_capitol, fk_nom_unitate_masura, fk_nom_planta_cultura, cod, denumire, descriere, cod_rand, is_formula, tip_formula_relatie, is_suprafata, is_prod_medie, is_prod_total, data_start, data_stop, base_id, last_modified_date)
values (44, 38, 49, 5, null, '44', 'Mac', null, 44, 0, 1, 1, 1, 1, to_date('23-10-2015', 'dd-mm-yyyy'), null, 44, to_timestamp('19-11-2015 11:19:39.000000', 'dd-mm-yyyy hh24:mi:ss.ff'));
insert into CAP_CULTURA_PROD (id_cap_cultura_prod, fk_cap_cultura_prod, fk_nom_capitol, fk_nom_unitate_masura, fk_nom_planta_cultura, cod, denumire, descriere, cod_rand, is_formula, tip_formula_relatie, is_suprafata, is_prod_medie, is_prod_total, data_start, data_stop, base_id, last_modified_date)
values (45, 38, 49, 5, null, '45', 'Ricin', null, 45, 0, 1, 1, 1, 1, to_date('23-10-2015', 'dd-mm-yyyy'), null, 45, to_timestamp('19-11-2015 11:19:39.000000', 'dd-mm-yyyy hh24:mi:ss.ff'));
insert into CAP_CULTURA_PROD (id_cap_cultura_prod, fk_cap_cultura_prod, fk_nom_capitol, fk_nom_unitate_masura, fk_nom_planta_cultura, cod, denumire, descriere, cod_rand, is_formula, tip_formula_relatie, is_suprafata, is_prod_medie, is_prod_total, data_start, data_stop, base_id, last_modified_date)
values (46, 38, 49, 5, null, '46', 'Șofrănel', null, 46, 0, 1, 1, 1, 1, to_date('23-10-2015', 'dd-mm-yyyy'), null, 46, to_timestamp('19-11-2015 11:19:39.000000', 'dd-mm-yyyy hh24:mi:ss.ff'));
insert into CAP_CULTURA_PROD (id_cap_cultura_prod, fk_cap_cultura_prod, fk_nom_capitol, fk_nom_unitate_masura, fk_nom_planta_cultura, cod, denumire, descriere, cod_rand, is_formula, tip_formula_relatie, is_suprafata, is_prod_medie, is_prod_total, data_start, data_stop, base_id, last_modified_date)
values (47, 38, 49, 5, null, '47', 'Alte plante oleaginoase', null, 47, 0, 1, 1, 1, 1, to_date('23-10-2015', 'dd-mm-yyyy'), null, 47, to_timestamp('19-11-2015 11:19:39.000000', 'dd-mm-yyyy hh24:mi:ss.ff'));
insert into CAP_CULTURA_PROD (id_cap_cultura_prod, fk_cap_cultura_prod, fk_nom_capitol, fk_nom_unitate_masura, fk_nom_planta_cultura, cod, denumire, descriere, cod_rand, is_formula, tip_formula_relatie, is_suprafata, is_prod_medie, is_prod_total, data_start, data_stop, base_id, last_modified_date)
values (48, null, 49, 5, null, '48', 'Plante pentru alte industrializări – total (exclusiv sămânța) cod (49+...+53)', null, 48, 1, 1, 1, 0, 1, to_date('23-10-2015', 'dd-mm-yyyy'), null, 48, to_timestamp('02-02-2016 17:26:04.000000', 'dd-mm-yyyy hh24:mi:ss.ff'));
insert into CAP_CULTURA_PROD (id_cap_cultura_prod, fk_cap_cultura_prod, fk_nom_capitol, fk_nom_unitate_masura, fk_nom_planta_cultura, cod, denumire, descriere, cod_rand, is_formula, tip_formula_relatie, is_suprafata, is_prod_medie, is_prod_total, data_start, data_stop, base_id, last_modified_date)
values (49, 48, 49, 5, null, '49', 'Tutun', null, 49, 0, 1, 1, 1, 1, to_date('23-10-2015', 'dd-mm-yyyy'), null, 49, to_timestamp('19-11-2015 11:19:39.000000', 'dd-mm-yyyy hh24:mi:ss.ff'));
insert into CAP_CULTURA_PROD (id_cap_cultura_prod, fk_cap_cultura_prod, fk_nom_capitol, fk_nom_unitate_masura, fk_nom_planta_cultura, cod, denumire, descriere, cod_rand, is_formula, tip_formula_relatie, is_suprafata, is_prod_medie, is_prod_total, data_start, data_stop, base_id, last_modified_date)
values (50, 48, 49, 5, null, '50', 'Sorg pentru mături', null, 50, 0, 1, 1, 1, 1, to_date('23-10-2015', 'dd-mm-yyyy'), null, 50, to_timestamp('19-11-2015 11:19:39.000000', 'dd-mm-yyyy hh24:mi:ss.ff'));
insert into CAP_CULTURA_PROD (id_cap_cultura_prod, fk_cap_cultura_prod, fk_nom_capitol, fk_nom_unitate_masura, fk_nom_planta_cultura, cod, denumire, descriere, cod_rand, is_formula, tip_formula_relatie, is_suprafata, is_prod_medie, is_prod_total, data_start, data_stop, base_id, last_modified_date)
values (51, 48, 49, 5, null, '51', 'Arahide', null, 51, 0, 1, 1, 1, 1, to_date('23-10-2015', 'dd-mm-yyyy'), null, 51, to_timestamp('19-11-2015 11:19:39.000000', 'dd-mm-yyyy hh24:mi:ss.ff'));
insert into CAP_CULTURA_PROD (id_cap_cultura_prod, fk_cap_cultura_prod, fk_nom_capitol, fk_nom_unitate_masura, fk_nom_planta_cultura, cod, denumire, descriere, cod_rand, is_formula, tip_formula_relatie, is_suprafata, is_prod_medie, is_prod_total, data_start, data_stop, base_id, last_modified_date)
values (52, 48, 49, 5, null, '52', 'Cicoare', null, 52, 0, 1, 1, 1, 1, to_date('23-10-2015', 'dd-mm-yyyy'), null, 52, to_timestamp('19-11-2015 11:19:39.000000', 'dd-mm-yyyy hh24:mi:ss.ff'));
insert into CAP_CULTURA_PROD (id_cap_cultura_prod, fk_cap_cultura_prod, fk_nom_capitol, fk_nom_unitate_masura, fk_nom_planta_cultura, cod, denumire, descriere, cod_rand, is_formula, tip_formula_relatie, is_suprafata, is_prod_medie, is_prod_total, data_start, data_stop, base_id, last_modified_date)
values (53, 48, 49, 5, null, '53', 'Alte plante pentru alte industrializări', null, 53, 0, 1, 1, 1, 1, to_date('23-10-2015', 'dd-mm-yyyy'), null, 53, to_timestamp('19-11-2015 11:19:39.000000', 'dd-mm-yyyy hh24:mi:ss.ff'));
insert into CAP_CULTURA_PROD (id_cap_cultura_prod, fk_cap_cultura_prod, fk_nom_capitol, fk_nom_unitate_masura, fk_nom_planta_cultura, cod, denumire, descriere, cod_rand, is_formula, tip_formula_relatie, is_suprafata, is_prod_medie, is_prod_total, data_start, data_stop, base_id, last_modified_date)
values (54, null, 49, 5, null, '54', 'Plante medicinale, aromatice și condimente – total (exclusiv sămânța) Cod (55+...+61)', null, 54, 1, 1, 1, 0, 1, to_date('23-10-2015', 'dd-mm-yyyy'), null, 54, to_timestamp('02-02-2016 17:26:04.000000', 'dd-mm-yyyy hh24:mi:ss.ff'));
insert into CAP_CULTURA_PROD (id_cap_cultura_prod, fk_cap_cultura_prod, fk_nom_capitol, fk_nom_unitate_masura, fk_nom_planta_cultura, cod, denumire, descriere, cod_rand, is_formula, tip_formula_relatie, is_suprafata, is_prod_medie, is_prod_total, data_start, data_stop, base_id, last_modified_date)
values (55, 54, 49, 5, null, '55', 'Coriandru', null, 55, 0, 1, 1, 1, 1, to_date('23-10-2015', 'dd-mm-yyyy'), null, 55, to_timestamp('19-11-2015 11:19:39.000000', 'dd-mm-yyyy hh24:mi:ss.ff'));
insert into CAP_CULTURA_PROD (id_cap_cultura_prod, fk_cap_cultura_prod, fk_nom_capitol, fk_nom_unitate_masura, fk_nom_planta_cultura, cod, denumire, descriere, cod_rand, is_formula, tip_formula_relatie, is_suprafata, is_prod_medie, is_prod_total, data_start, data_stop, base_id, last_modified_date)
values (56, 54, 49, 5, null, '56', 'Chimion', null, 56, 0, 1, 1, 1, 1, to_date('23-10-2015', 'dd-mm-yyyy'), null, 56, to_timestamp('19-11-2015 11:19:39.000000', 'dd-mm-yyyy hh24:mi:ss.ff'));
insert into CAP_CULTURA_PROD (id_cap_cultura_prod, fk_cap_cultura_prod, fk_nom_capitol, fk_nom_unitate_masura, fk_nom_planta_cultura, cod, denumire, descriere, cod_rand, is_formula, tip_formula_relatie, is_suprafata, is_prod_medie, is_prod_total, data_start, data_stop, base_id, last_modified_date)
values (57, 54, 49, 5, null, '57', 'Fenicul', null, 57, 0, 1, 1, 1, 1, to_date('23-10-2015', 'dd-mm-yyyy'), null, 57, to_timestamp('19-11-2015 11:19:39.000000', 'dd-mm-yyyy hh24:mi:ss.ff'));
insert into CAP_CULTURA_PROD (id_cap_cultura_prod, fk_cap_cultura_prod, fk_nom_capitol, fk_nom_unitate_masura, fk_nom_planta_cultura, cod, denumire, descriere, cod_rand, is_formula, tip_formula_relatie, is_suprafata, is_prod_medie, is_prod_total, data_start, data_stop, base_id, last_modified_date)
values (58, 54, 49, 5, null, '58', 'Levănțică', null, 58, 0, 1, 1, 1, 1, to_date('23-10-2015', 'dd-mm-yyyy'), null, 58, to_timestamp('19-11-2015 11:19:39.000000', 'dd-mm-yyyy hh24:mi:ss.ff'));
insert into CAP_CULTURA_PROD (id_cap_cultura_prod, fk_cap_cultura_prod, fk_nom_capitol, fk_nom_unitate_masura, fk_nom_planta_cultura, cod, denumire, descriere, cod_rand, is_formula, tip_formula_relatie, is_suprafata, is_prod_medie, is_prod_total, data_start, data_stop, base_id, last_modified_date)
values (59, 54, 49, 5, null, '59', 'Mentă', null, 59, 0, 1, 1, 1, 1, to_date('23-10-2015', 'dd-mm-yyyy'), null, 59, to_timestamp('19-11-2015 11:19:39.000000', 'dd-mm-yyyy hh24:mi:ss.ff'));
insert into CAP_CULTURA_PROD (id_cap_cultura_prod, fk_cap_cultura_prod, fk_nom_capitol, fk_nom_unitate_masura, fk_nom_planta_cultura, cod, denumire, descriere, cod_rand, is_formula, tip_formula_relatie, is_suprafata, is_prod_medie, is_prod_total, data_start, data_stop, base_id, last_modified_date)
values (60, 54, 49, 5, null, '60', 'Anason', null, 60, 0, 1, 1, 1, 1, to_date('23-10-2015', 'dd-mm-yyyy'), null, 60, to_timestamp('19-11-2015 11:19:39.000000', 'dd-mm-yyyy hh24:mi:ss.ff'));
insert into CAP_CULTURA_PROD (id_cap_cultura_prod, fk_cap_cultura_prod, fk_nom_capitol, fk_nom_unitate_masura, fk_nom_planta_cultura, cod, denumire, descriere, cod_rand, is_formula, tip_formula_relatie, is_suprafata, is_prod_medie, is_prod_total, data_start, data_stop, base_id, last_modified_date)
values (61, 54, 49, 5, null, '61', 'Alte plante medicinale, aromatice și condimente', null, 61, 0, 1, 1, 1, 1, to_date('23-10-2015', 'dd-mm-yyyy'), null, 61, to_timestamp('19-11-2015 11:19:39.000000', 'dd-mm-yyyy hh24:mi:ss.ff'));
insert into CAP_CULTURA_PROD (id_cap_cultura_prod, fk_cap_cultura_prod, fk_nom_capitol, fk_nom_unitate_masura, fk_nom_planta_cultura, cod, denumire, descriere, cod_rand, is_formula, tip_formula_relatie, is_suprafata, is_prod_medie, is_prod_total, data_start, data_stop, base_id, last_modified_date)
values (62, null, 49, 5, null, '62', 'Legume în câmp - total (exclusiv sămânța) cod (63+...+73+75+...92)', null, 62, 1, 1, 1, 0, 1, to_date('23-10-2015', 'dd-mm-yyyy'), null, 62, to_timestamp('02-02-2016 17:26:04.000000', 'dd-mm-yyyy hh24:mi:ss.ff'));
insert into CAP_CULTURA_PROD (id_cap_cultura_prod, fk_cap_cultura_prod, fk_nom_capitol, fk_nom_unitate_masura, fk_nom_planta_cultura, cod, denumire, descriere, cod_rand, is_formula, tip_formula_relatie, is_suprafata, is_prod_medie, is_prod_total, data_start, data_stop, base_id, last_modified_date)
values (63, 62, 49, 5, null, '63', 'Conopidă și brocoli', null, 63, 0, 1, 1, 1, 1, to_date('23-10-2015', 'dd-mm-yyyy'), null, 63, to_timestamp('19-11-2015 11:19:39.000000', 'dd-mm-yyyy hh24:mi:ss.ff'));
insert into CAP_CULTURA_PROD (id_cap_cultura_prod, fk_cap_cultura_prod, fk_nom_capitol, fk_nom_unitate_masura, fk_nom_planta_cultura, cod, denumire, descriere, cod_rand, is_formula, tip_formula_relatie, is_suprafata, is_prod_medie, is_prod_total, data_start, data_stop, base_id, last_modified_date)
values (64, 62, 49, 5, null, '64', 'Varză albă', null, 64, 0, 1, 1, 1, 1, to_date('23-10-2015', 'dd-mm-yyyy'), null, 64, to_timestamp('19-11-2015 11:19:39.000000', 'dd-mm-yyyy hh24:mi:ss.ff'));
insert into CAP_CULTURA_PROD (id_cap_cultura_prod, fk_cap_cultura_prod, fk_nom_capitol, fk_nom_unitate_masura, fk_nom_planta_cultura, cod, denumire, descriere, cod_rand, is_formula, tip_formula_relatie, is_suprafata, is_prod_medie, is_prod_total, data_start, data_stop, base_id, last_modified_date)
values (65, 62, 49, 5, null, '65', 'Gulii și gulioare', null, 65, 0, 1, 1, 1, 1, to_date('23-10-2015', 'dd-mm-yyyy'), null, 65, to_timestamp('19-11-2015 11:19:39.000000', 'dd-mm-yyyy hh24:mi:ss.ff'));
insert into CAP_CULTURA_PROD (id_cap_cultura_prod, fk_cap_cultura_prod, fk_nom_capitol, fk_nom_unitate_masura, fk_nom_planta_cultura, cod, denumire, descriere, cod_rand, is_formula, tip_formula_relatie, is_suprafata, is_prod_medie, is_prod_total, data_start, data_stop, base_id, last_modified_date)
values (66, 62, 49, 5, null, '66', 'Alte vărzoase (varză roșie, varză de Bruxelles, etc.)', null, 66, 0, 1, 1, 1, 1, to_date('23-10-2015', 'dd-mm-yyyy'), null, 66, to_timestamp('19-11-2015 11:19:39.000000', 'dd-mm-yyyy hh24:mi:ss.ff'));
insert into CAP_CULTURA_PROD (id_cap_cultura_prod, fk_cap_cultura_prod, fk_nom_capitol, fk_nom_unitate_masura, fk_nom_planta_cultura, cod, denumire, descriere, cod_rand, is_formula, tip_formula_relatie, is_suprafata, is_prod_medie, is_prod_total, data_start, data_stop, base_id, last_modified_date)
values (67, 62, 49, 5, null, '67', 'Țelină frunze', null, 67, 0, 1, 1, 1, 1, to_date('23-10-2015', 'dd-mm-yyyy'), null, 67, to_timestamp('19-11-2015 11:19:39.000000', 'dd-mm-yyyy hh24:mi:ss.ff'));
insert into CAP_CULTURA_PROD (id_cap_cultura_prod, fk_cap_cultura_prod, fk_nom_capitol, fk_nom_unitate_masura, fk_nom_planta_cultura, cod, denumire, descriere, cod_rand, is_formula, tip_formula_relatie, is_suprafata, is_prod_medie, is_prod_total, data_start, data_stop, base_id, last_modified_date)
values (68, 62, 49, 5, null, '68', 'Praz', null, 68, 0, 1, 1, 1, 1, to_date('23-10-2015', 'dd-mm-yyyy'), null, 68, to_timestamp('19-11-2015 11:19:39.000000', 'dd-mm-yyyy hh24:mi:ss.ff'));
insert into CAP_CULTURA_PROD (id_cap_cultura_prod, fk_cap_cultura_prod, fk_nom_capitol, fk_nom_unitate_masura, fk_nom_planta_cultura, cod, denumire, descriere, cod_rand, is_formula, tip_formula_relatie, is_suprafata, is_prod_medie, is_prod_total, data_start, data_stop, base_id, last_modified_date)
values (69, 62, 49, 5, null, '69', 'Salată', null, 69, 0, 1, 1, 1, 1, to_date('23-10-2015', 'dd-mm-yyyy'), null, 69, to_timestamp('19-11-2015 11:19:39.000000', 'dd-mm-yyyy hh24:mi:ss.ff'));
insert into CAP_CULTURA_PROD (id_cap_cultura_prod, fk_cap_cultura_prod, fk_nom_capitol, fk_nom_unitate_masura, fk_nom_planta_cultura, cod, denumire, descriere, cod_rand, is_formula, tip_formula_relatie, is_suprafata, is_prod_medie, is_prod_total, data_start, data_stop, base_id, last_modified_date)
values (70, 62, 49, 5, null, '70', 'Spanac', null, 70, 0, 1, 1, 1, 1, to_date('23-10-2015', 'dd-mm-yyyy'), null, 70, to_timestamp('19-11-2015 11:19:39.000000', 'dd-mm-yyyy hh24:mi:ss.ff'));
insert into CAP_CULTURA_PROD (id_cap_cultura_prod, fk_cap_cultura_prod, fk_nom_capitol, fk_nom_unitate_masura, fk_nom_planta_cultura, cod, denumire, descriere, cod_rand, is_formula, tip_formula_relatie, is_suprafata, is_prod_medie, is_prod_total, data_start, data_stop, base_id, last_modified_date)
values (71, 62, 49, 5, null, '71', 'Alte legume cultivate pentru frunze', null, 71, 0, 1, 1, 1, 1, to_date('23-10-2015', 'dd-mm-yyyy'), null, 71, to_timestamp('19-11-2015 11:19:39.000000', 'dd-mm-yyyy hh24:mi:ss.ff'));
insert into CAP_CULTURA_PROD (id_cap_cultura_prod, fk_cap_cultura_prod, fk_nom_capitol, fk_nom_unitate_masura, fk_nom_planta_cultura, cod, denumire, descriere, cod_rand, is_formula, tip_formula_relatie, is_suprafata, is_prod_medie, is_prod_total, data_start, data_stop, base_id, last_modified_date)
values (72, 62, 49, 5, null, '72', 'Tomate total', null, 72, 0, 1, 1, 1, 1, to_date('23-10-2015', 'dd-mm-yyyy'), null, 72, to_timestamp('19-11-2015 11:19:39.000000', 'dd-mm-yyyy hh24:mi:ss.ff'));
insert into CAP_CULTURA_PROD (id_cap_cultura_prod, fk_cap_cultura_prod, fk_nom_capitol, fk_nom_unitate_masura, fk_nom_planta_cultura, cod, denumire, descriere, cod_rand, is_formula, tip_formula_relatie, is_suprafata, is_prod_medie, is_prod_total, data_start, data_stop, base_id, last_modified_date)
values (73, 62, 49, 5, null, '73', 'Castraveți total', null, 73, 0, 1, 1, 1, 1, to_date('23-10-2015', 'dd-mm-yyyy'), null, 73, to_timestamp('19-11-2015 11:19:39.000000', 'dd-mm-yyyy hh24:mi:ss.ff'));
insert into CAP_CULTURA_PROD (id_cap_cultura_prod, fk_cap_cultura_prod, fk_nom_capitol, fk_nom_unitate_masura, fk_nom_planta_cultura, cod, denumire, descriere, cod_rand, is_formula, tip_formula_relatie, is_suprafata, is_prod_medie, is_prod_total, data_start, data_stop, base_id, last_modified_date)
values (74, 73, 49, 5, null, '74', 'din care: cornișon', null, 74, 0, 0, 1, 1, 1, to_date('23-10-2015', 'dd-mm-yyyy'), null, 74, to_timestamp('19-11-2015 11:19:39.000000', 'dd-mm-yyyy hh24:mi:ss.ff'));
insert into CAP_CULTURA_PROD (id_cap_cultura_prod, fk_cap_cultura_prod, fk_nom_capitol, fk_nom_unitate_masura, fk_nom_planta_cultura, cod, denumire, descriere, cod_rand, is_formula, tip_formula_relatie, is_suprafata, is_prod_medie, is_prod_total, data_start, data_stop, base_id, last_modified_date)
values (75, 62, 49, 5, null, '75', 'Ardei total', null, 75, 0, 1, 1, 1, 1, to_date('23-10-2015', 'dd-mm-yyyy'), null, 75, to_timestamp('19-11-2015 11:19:39.000000', 'dd-mm-yyyy hh24:mi:ss.ff'));
insert into CAP_CULTURA_PROD (id_cap_cultura_prod, fk_cap_cultura_prod, fk_nom_capitol, fk_nom_unitate_masura, fk_nom_planta_cultura, cod, denumire, descriere, cod_rand, is_formula, tip_formula_relatie, is_suprafata, is_prod_medie, is_prod_total, data_start, data_stop, base_id, last_modified_date)
values (76, 62, 49, 5, null, '76', 'Vinete', null, 76, 0, 1, 1, 1, 1, to_date('23-10-2015', 'dd-mm-yyyy'), null, 76, to_timestamp('19-11-2015 11:19:39.000000', 'dd-mm-yyyy hh24:mi:ss.ff'));
insert into CAP_CULTURA_PROD (id_cap_cultura_prod, fk_cap_cultura_prod, fk_nom_capitol, fk_nom_unitate_masura, fk_nom_planta_cultura, cod, denumire, descriere, cod_rand, is_formula, tip_formula_relatie, is_suprafata, is_prod_medie, is_prod_total, data_start, data_stop, base_id, last_modified_date)
values (77, 62, 49, 5, null, '77', 'Dovleci', null, 77, 0, 1, 1, 1, 1, to_date('23-10-2015', 'dd-mm-yyyy'), null, 77, to_timestamp('19-11-2015 11:19:39.000000', 'dd-mm-yyyy hh24:mi:ss.ff'));
insert into CAP_CULTURA_PROD (id_cap_cultura_prod, fk_cap_cultura_prod, fk_nom_capitol, fk_nom_unitate_masura, fk_nom_planta_cultura, cod, denumire, descriere, cod_rand, is_formula, tip_formula_relatie, is_suprafata, is_prod_medie, is_prod_total, data_start, data_stop, base_id, last_modified_date)
values (78, 62, 49, 5, null, '78', 'Dovlecei', null, 78, 0, 1, 1, 1, 1, to_date('23-10-2015', 'dd-mm-yyyy'), null, 78, to_timestamp('19-11-2015 11:19:39.000000', 'dd-mm-yyyy hh24:mi:ss.ff'));
insert into CAP_CULTURA_PROD (id_cap_cultura_prod, fk_cap_cultura_prod, fk_nom_capitol, fk_nom_unitate_masura, fk_nom_planta_cultura, cod, denumire, descriere, cod_rand, is_formula, tip_formula_relatie, is_suprafata, is_prod_medie, is_prod_total, data_start, data_stop, base_id, last_modified_date)
values (79, 62, 49, 5, null, '79', 'Alte legume cultivate pentru fruct', null, 79, 0, 1, 1, 1, 1, to_date('23-10-2015', 'dd-mm-yyyy'), null, 79, to_timestamp('19-11-2015 11:19:39.000000', 'dd-mm-yyyy hh24:mi:ss.ff'));
insert into CAP_CULTURA_PROD (id_cap_cultura_prod, fk_cap_cultura_prod, fk_nom_capitol, fk_nom_unitate_masura, fk_nom_planta_cultura, cod, denumire, descriere, cod_rand, is_formula, tip_formula_relatie, is_suprafata, is_prod_medie, is_prod_total, data_start, data_stop, base_id, last_modified_date)
values (80, 62, 49, 5, null, '80', 'Morcovi', null, 80, 0, 1, 1, 1, 1, to_date('23-10-2015', 'dd-mm-yyyy'), null, 80, to_timestamp('19-11-2015 11:19:39.000000', 'dd-mm-yyyy hh24:mi:ss.ff'));
insert into CAP_CULTURA_PROD (id_cap_cultura_prod, fk_cap_cultura_prod, fk_nom_capitol, fk_nom_unitate_masura, fk_nom_planta_cultura, cod, denumire, descriere, cod_rand, is_formula, tip_formula_relatie, is_suprafata, is_prod_medie, is_prod_total, data_start, data_stop, base_id, last_modified_date)
values (81, 62, 49, 5, null, '81', 'Usturoi', null, 81, 0, 1, 1, 1, 1, to_date('23-10-2015', 'dd-mm-yyyy'), null, 81, to_timestamp('19-11-2015 11:19:39.000000', 'dd-mm-yyyy hh24:mi:ss.ff'));
insert into CAP_CULTURA_PROD (id_cap_cultura_prod, fk_cap_cultura_prod, fk_nom_capitol, fk_nom_unitate_masura, fk_nom_planta_cultura, cod, denumire, descriere, cod_rand, is_formula, tip_formula_relatie, is_suprafata, is_prod_medie, is_prod_total, data_start, data_stop, base_id, last_modified_date)
values (82, 62, 49, 5, null, '82', 'Ceapă', null, 82, 0, 1, 1, 1, 1, to_date('23-10-2015', 'dd-mm-yyyy'), null, 82, to_timestamp('19-11-2015 11:19:39.000000', 'dd-mm-yyyy hh24:mi:ss.ff'));
insert into CAP_CULTURA_PROD (id_cap_cultura_prod, fk_cap_cultura_prod, fk_nom_capitol, fk_nom_unitate_masura, fk_nom_planta_cultura, cod, denumire, descriere, cod_rand, is_formula, tip_formula_relatie, is_suprafata, is_prod_medie, is_prod_total, data_start, data_stop, base_id, last_modified_date)
values (83, 62, 49, 5, null, '83', 'Sfeclă roșie', null, 83, 0, 1, 1, 1, 1, to_date('23-10-2015', 'dd-mm-yyyy'), null, 83, to_timestamp('19-11-2015 11:19:39.000000', 'dd-mm-yyyy hh24:mi:ss.ff'));
insert into CAP_CULTURA_PROD (id_cap_cultura_prod, fk_cap_cultura_prod, fk_nom_capitol, fk_nom_unitate_masura, fk_nom_planta_cultura, cod, denumire, descriere, cod_rand, is_formula, tip_formula_relatie, is_suprafata, is_prod_medie, is_prod_total, data_start, data_stop, base_id, last_modified_date)
values (84, 62, 49, 5, null, '84', 'Țelină (rădăcină)', null, 84, 0, 1, 1, 1, 1, to_date('23-10-2015', 'dd-mm-yyyy'), null, 84, to_timestamp('19-11-2015 11:19:39.000000', 'dd-mm-yyyy hh24:mi:ss.ff'));
insert into CAP_CULTURA_PROD (id_cap_cultura_prod, fk_cap_cultura_prod, fk_nom_capitol, fk_nom_unitate_masura, fk_nom_planta_cultura, cod, denumire, descriere, cod_rand, is_formula, tip_formula_relatie, is_suprafata, is_prod_medie, is_prod_total, data_start, data_stop, base_id, last_modified_date)
values (85, 62, 49, 5, null, '85', 'Alte legume rădăcinoase (albitură, hrean, ridichi de lună, ridichi negre, etc.)', null, 85, 0, 1, 1, 1, 1, to_date('23-10-2015', 'dd-mm-yyyy'), null, 85, to_timestamp('19-11-2015 11:19:39.000000', 'dd-mm-yyyy hh24:mi:ss.ff'));
insert into CAP_CULTURA_PROD (id_cap_cultura_prod, fk_cap_cultura_prod, fk_nom_capitol, fk_nom_unitate_masura, fk_nom_planta_cultura, cod, denumire, descriere, cod_rand, is_formula, tip_formula_relatie, is_suprafata, is_prod_medie, is_prod_total, data_start, data_stop, base_id, last_modified_date)
values (86, 62, 49, 5, null, '86', 'Mazăre păstăi', null, 86, 0, 1, 1, 1, 1, to_date('23-10-2015', 'dd-mm-yyyy'), null, 86, to_timestamp('19-11-2015 11:19:39.000000', 'dd-mm-yyyy hh24:mi:ss.ff'));
insert into CAP_CULTURA_PROD (id_cap_cultura_prod, fk_cap_cultura_prod, fk_nom_capitol, fk_nom_unitate_masura, fk_nom_planta_cultura, cod, denumire, descriere, cod_rand, is_formula, tip_formula_relatie, is_suprafata, is_prod_medie, is_prod_total, data_start, data_stop, base_id, last_modified_date)
values (87, 62, 49, 5, null, '87', 'Fasole păstăi', null, 87, 0, 1, 1, 1, 1, to_date('23-10-2015', 'dd-mm-yyyy'), null, 87, to_timestamp('19-11-2015 11:19:39.000000', 'dd-mm-yyyy hh24:mi:ss.ff'));
insert into CAP_CULTURA_PROD (id_cap_cultura_prod, fk_cap_cultura_prod, fk_nom_capitol, fk_nom_unitate_masura, fk_nom_planta_cultura, cod, denumire, descriere, cod_rand, is_formula, tip_formula_relatie, is_suprafata, is_prod_medie, is_prod_total, data_start, data_stop, base_id, last_modified_date)
values (88, 62, 49, 5, null, '88', 'Alte legume păstăi', null, 88, 0, 1, 1, 1, 1, to_date('23-10-2015', 'dd-mm-yyyy'), null, 88, to_timestamp('19-11-2015 11:19:39.000000', 'dd-mm-yyyy hh24:mi:ss.ff'));
insert into CAP_CULTURA_PROD (id_cap_cultura_prod, fk_cap_cultura_prod, fk_nom_capitol, fk_nom_unitate_masura, fk_nom_planta_cultura, cod, denumire, descriere, cod_rand, is_formula, tip_formula_relatie, is_suprafata, is_prod_medie, is_prod_total, data_start, data_stop, base_id, last_modified_date)
values (89, 62, 49, 5, null, '89', 'Porumb zaharat', null, 89, 0, 1, 1, 1, 1, to_date('23-10-2015', 'dd-mm-yyyy'), null, 89, to_timestamp('19-11-2015 11:19:39.000000', 'dd-mm-yyyy hh24:mi:ss.ff'));
insert into CAP_CULTURA_PROD (id_cap_cultura_prod, fk_cap_cultura_prod, fk_nom_capitol, fk_nom_unitate_masura, fk_nom_planta_cultura, cod, denumire, descriere, cod_rand, is_formula, tip_formula_relatie, is_suprafata, is_prod_medie, is_prod_total, data_start, data_stop, base_id, last_modified_date)
values (90, 62, 49, 5, null, '90', 'Ciuperci cultivate', null, 90, 0, 1, 1, 1, 1, to_date('23-10-2015', 'dd-mm-yyyy'), null, 90, to_timestamp('19-11-2015 11:19:39.000000', 'dd-mm-yyyy hh24:mi:ss.ff'));
insert into CAP_CULTURA_PROD (id_cap_cultura_prod, fk_cap_cultura_prod, fk_nom_capitol, fk_nom_unitate_masura, fk_nom_planta_cultura, cod, denumire, descriere, cod_rand, is_formula, tip_formula_relatie, is_suprafata, is_prod_medie, is_prod_total, data_start, data_stop, base_id, last_modified_date)
values (91, 62, 49, 5, null, '91', 'Pepeni verzi', null, 91, 0, 1, 1, 1, 1, to_date('23-10-2015', 'dd-mm-yyyy'), null, 91, to_timestamp('19-11-2015 11:19:39.000000', 'dd-mm-yyyy hh24:mi:ss.ff'));
insert into CAP_CULTURA_PROD (id_cap_cultura_prod, fk_cap_cultura_prod, fk_nom_capitol, fk_nom_unitate_masura, fk_nom_planta_cultura, cod, denumire, descriere, cod_rand, is_formula, tip_formula_relatie, is_suprafata, is_prod_medie, is_prod_total, data_start, data_stop, base_id, last_modified_date)
values (92, 62, 49, 5, null, '92', 'Pepeni galbeni', null, 92, 0, 1, 1, 1, 1, to_date('23-10-2015', 'dd-mm-yyyy'), null, 92, to_timestamp('19-11-2015 11:19:39.000000', 'dd-mm-yyyy hh24:mi:ss.ff'));
insert into CAP_CULTURA_PROD (id_cap_cultura_prod, fk_cap_cultura_prod, fk_nom_capitol, fk_nom_unitate_masura, fk_nom_planta_cultura, cod, denumire, descriere, cod_rand, is_formula, tip_formula_relatie, is_suprafata, is_prod_medie, is_prod_total, data_start, data_stop, base_id, last_modified_date)
values (93, null, 49, 5, null, '93', 'Plante de nutreț–total (exclusiv sămânța) cod (94+...+98+174)', null, 93, 1, 1, 1, 0, 1, to_date('23-10-2015', 'dd-mm-yyyy'), null, 93, to_timestamp('02-02-2016 17:26:04.000000', 'dd-mm-yyyy hh24:mi:ss.ff'));
insert into CAP_CULTURA_PROD (id_cap_cultura_prod, fk_cap_cultura_prod, fk_nom_capitol, fk_nom_unitate_masura, fk_nom_planta_cultura, cod, denumire, descriere, cod_rand, is_formula, tip_formula_relatie, is_suprafata, is_prod_medie, is_prod_total, data_start, data_stop, base_id, last_modified_date)
values (94, 93, 49, 5, null, '94', 'Porumb verde furajer', null, 94, 0, 1, 1, 1, 1, to_date('23-10-2015', 'dd-mm-yyyy'), null, 94, to_timestamp('19-11-2015 11:19:39.000000', 'dd-mm-yyyy hh24:mi:ss.ff'));
insert into CAP_CULTURA_PROD (id_cap_cultura_prod, fk_cap_cultura_prod, fk_nom_capitol, fk_nom_unitate_masura, fk_nom_planta_cultura, cod, denumire, descriere, cod_rand, is_formula, tip_formula_relatie, is_suprafata, is_prod_medie, is_prod_total, data_start, data_stop, base_id, last_modified_date)
values (95, 93, 49, 5, null, '95', 'Alte plante anuale pentru fân și masă verde', null, 95, 0, 1, 1, 1, 1, to_date('23-10-2015', 'dd-mm-yyyy'), null, 95, to_timestamp('19-11-2015 11:19:39.000000', 'dd-mm-yyyy hh24:mi:ss.ff'));
insert into CAP_CULTURA_PROD (id_cap_cultura_prod, fk_cap_cultura_prod, fk_nom_capitol, fk_nom_unitate_masura, fk_nom_planta_cultura, cod, denumire, descriere, cod_rand, is_formula, tip_formula_relatie, is_suprafata, is_prod_medie, is_prod_total, data_start, data_stop, base_id, last_modified_date)
values (96, 93, 49, 5, null, '96', 'Trifoi și amestec de plante furajere', null, 96, 0, 1, 1, 1, 1, to_date('23-10-2015', 'dd-mm-yyyy'), null, 96, to_timestamp('19-11-2015 11:19:39.000000', 'dd-mm-yyyy hh24:mi:ss.ff'));
insert into CAP_CULTURA_PROD (id_cap_cultura_prod, fk_cap_cultura_prod, fk_nom_capitol, fk_nom_unitate_masura, fk_nom_planta_cultura, cod, denumire, descriere, cod_rand, is_formula, tip_formula_relatie, is_suprafata, is_prod_medie, is_prod_total, data_start, data_stop, base_id, last_modified_date)
values (97, 93, 49, 5, null, '97', 'Lucernă', null, 97, 0, 1, 1, 1, 1, to_date('23-10-2015', 'dd-mm-yyyy'), null, 97, to_timestamp('19-11-2015 11:19:39.000000', 'dd-mm-yyyy hh24:mi:ss.ff'));
insert into CAP_CULTURA_PROD (id_cap_cultura_prod, fk_cap_cultura_prod, fk_nom_capitol, fk_nom_unitate_masura, fk_nom_planta_cultura, cod, denumire, descriere, cod_rand, is_formula, tip_formula_relatie, is_suprafata, is_prod_medie, is_prod_total, data_start, data_stop, base_id, last_modified_date)
values (98, 93, 49, 5, null, '98', 'Alte plante furajere perene', null, 98, 0, 1, 1, 1, 1, to_date('23-10-2015', 'dd-mm-yyyy'), null, 98, to_timestamp('19-11-2015 11:19:39.000000', 'dd-mm-yyyy hh24:mi:ss.ff'));
insert into CAP_CULTURA_PROD (id_cap_cultura_prod, fk_cap_cultura_prod, fk_nom_capitol, fk_nom_unitate_masura, fk_nom_planta_cultura, cod, denumire, descriere, cod_rand, is_formula, tip_formula_relatie, is_suprafata, is_prod_medie, is_prod_total, data_start, data_stop, base_id, last_modified_date)
values (174, 93, 49, 5, null, '174', 'Pajiști temporare artificiale (însămânțate pe teren arabil pentru mai puțin de 5 ani)', null, 174, 0, 1, 1, 1, 1, to_date('23-10-2015', 'dd-mm-yyyy'), null, 174, to_timestamp('19-11-2015 11:19:39.000000', 'dd-mm-yyyy hh24:mi:ss.ff'));
insert into CAP_CULTURA_PROD (id_cap_cultura_prod, fk_cap_cultura_prod, fk_nom_capitol, fk_nom_unitate_masura, fk_nom_planta_cultura, cod, denumire, descriere, cod_rand, is_formula, tip_formula_relatie, is_suprafata, is_prod_medie, is_prod_total, data_start, data_stop, base_id, last_modified_date)
values (99, null, 49, 5, null, '99', 'Culturi energetice - total cod (100+...+104)', null, 99, 1, 1, 1, 0, 1, to_date('23-10-2015', 'dd-mm-yyyy'), null, 99, to_timestamp('02-02-2016 17:26:04.000000', 'dd-mm-yyyy hh24:mi:ss.ff'));
insert into CAP_CULTURA_PROD (id_cap_cultura_prod, fk_cap_cultura_prod, fk_nom_capitol, fk_nom_unitate_masura, fk_nom_planta_cultura, cod, denumire, descriere, cod_rand, is_formula, tip_formula_relatie, is_suprafata, is_prod_medie, is_prod_total, data_start, data_stop, base_id, last_modified_date)
values (100, 99, 49, 5, null, '100', 'Salcie energetica', null, 100, 0, 1, 1, 1, 1, to_date('23-10-2015', 'dd-mm-yyyy'), null, 100, to_timestamp('19-11-2015 11:19:39.000000', 'dd-mm-yyyy hh24:mi:ss.ff'));
insert into CAP_CULTURA_PROD (id_cap_cultura_prod, fk_cap_cultura_prod, fk_nom_capitol, fk_nom_unitate_masura, fk_nom_planta_cultura, cod, denumire, descriere, cod_rand, is_formula, tip_formula_relatie, is_suprafata, is_prod_medie, is_prod_total, data_start, data_stop, base_id, last_modified_date)
values (101, 99, 49, 5, null, '101', 'Plop energetic', null, 101, 0, 1, 1, 1, 1, to_date('23-10-2015', 'dd-mm-yyyy'), null, 101, to_timestamp('19-11-2015 11:19:39.000000', 'dd-mm-yyyy hh24:mi:ss.ff'));
insert into CAP_CULTURA_PROD (id_cap_cultura_prod, fk_cap_cultura_prod, fk_nom_capitol, fk_nom_unitate_masura, fk_nom_planta_cultura, cod, denumire, descriere, cod_rand, is_formula, tip_formula_relatie, is_suprafata, is_prod_medie, is_prod_total, data_start, data_stop, base_id, last_modified_date)
values (102, 99, 49, 5, null, '102', 'Miscanthus giganteus (iarba elefantului)', null, 102, 0, 1, 1, 1, 1, to_date('23-10-2015', 'dd-mm-yyyy'), null, 102, to_timestamp('19-11-2015 11:19:39.000000', 'dd-mm-yyyy hh24:mi:ss.ff'));
insert into CAP_CULTURA_PROD (id_cap_cultura_prod, fk_cap_cultura_prod, fk_nom_capitol, fk_nom_unitate_masura, fk_nom_planta_cultura, cod, denumire, descriere, cod_rand, is_formula, tip_formula_relatie, is_suprafata, is_prod_medie, is_prod_total, data_start, data_stop, base_id, last_modified_date)
values (103, 99, 49, 5, null, '103', 'Cynara cardunculus (anghinare)', null, 103, 0, 1, 1, 1, 1, to_date('23-10-2015', 'dd-mm-yyyy'), null, 103, to_timestamp('19-11-2015 11:19:39.000000', 'dd-mm-yyyy hh24:mi:ss.ff'));
insert into CAP_CULTURA_PROD (id_cap_cultura_prod, fk_cap_cultura_prod, fk_nom_capitol, fk_nom_unitate_masura, fk_nom_planta_cultura, cod, denumire, descriere, cod_rand, is_formula, tip_formula_relatie, is_suprafata, is_prod_medie, is_prod_total, data_start, data_stop, base_id, last_modified_date)
values (104, 99, 49, 5, null, '104', 'Alte culturi energetice', null, 104, 0, 1, 1, 1, 1, to_date('23-10-2015', 'dd-mm-yyyy'), null, 104, to_timestamp('19-11-2015 11:19:39.000000', 'dd-mm-yyyy hh24:mi:ss.ff'));
insert into CAP_CULTURA_PROD (id_cap_cultura_prod, fk_cap_cultura_prod, fk_nom_capitol, fk_nom_unitate_masura, fk_nom_planta_cultura, cod, denumire, descriere, cod_rand, is_formula, tip_formula_relatie, is_suprafata, is_prod_medie, is_prod_total, data_start, data_stop, base_id, last_modified_date)
values (105, null, 49, 5, null, '105', 'Plante pentru producerea de semințe și seminceri, loturi semincere pentru comercializare -total cod (106+123+127+131+132+135+142+145+150+165)', null, 105, 1, 1, 1, 0, 0, to_date('23-10-2015', 'dd-mm-yyyy'), null, 105, to_timestamp('02-02-2016 17:26:04.000000', 'dd-mm-yyyy hh24:mi:ss.ff'));
insert into CAP_CULTURA_PROD (id_cap_cultura_prod, fk_cap_cultura_prod, fk_nom_capitol, fk_nom_unitate_masura, fk_nom_planta_cultura, cod, denumire, descriere, cod_rand, is_formula, tip_formula_relatie, is_suprafata, is_prod_medie, is_prod_total, data_start, data_stop, base_id, last_modified_date)
values (106, 105, 49, 5, null, '106', 'a) Cereale pentru sămânță –total cod (107+...+122)', null, 106, 1, 1, 1, 0, 1, to_date('23-10-2015', 'dd-mm-yyyy'), null, 106, to_timestamp('19-11-2015 11:19:39.000000', 'dd-mm-yyyy hh24:mi:ss.ff'));
insert into CAP_CULTURA_PROD (id_cap_cultura_prod, fk_cap_cultura_prod, fk_nom_capitol, fk_nom_unitate_masura, fk_nom_planta_cultura, cod, denumire, descriere, cod_rand, is_formula, tip_formula_relatie, is_suprafata, is_prod_medie, is_prod_total, data_start, data_stop, base_id, last_modified_date)
values (107, 106, 49, 5, null, '107', 'Grâu comun de toamnă', null, 107, 0, 1, 1, 1, 1, to_date('23-10-2015', 'dd-mm-yyyy'), null, 107, to_timestamp('19-11-2015 11:19:39.000000', 'dd-mm-yyyy hh24:mi:ss.ff'));
insert into CAP_CULTURA_PROD (id_cap_cultura_prod, fk_cap_cultura_prod, fk_nom_capitol, fk_nom_unitate_masura, fk_nom_planta_cultura, cod, denumire, descriere, cod_rand, is_formula, tip_formula_relatie, is_suprafata, is_prod_medie, is_prod_total, data_start, data_stop, base_id, last_modified_date)
values (108, 106, 49, 5, null, '108', 'Grâu comun de primăvară', null, 108, 0, 1, 1, 1, 1, to_date('23-10-2015', 'dd-mm-yyyy'), null, 108, to_timestamp('19-11-2015 11:19:39.000000', 'dd-mm-yyyy hh24:mi:ss.ff'));
insert into CAP_CULTURA_PROD (id_cap_cultura_prod, fk_cap_cultura_prod, fk_nom_capitol, fk_nom_unitate_masura, fk_nom_planta_cultura, cod, denumire, descriere, cod_rand, is_formula, tip_formula_relatie, is_suprafata, is_prod_medie, is_prod_total, data_start, data_stop, base_id, last_modified_date)
values (109, 106, 49, 5, null, '109', 'Grâu dur de toamnă', null, 109, 0, 1, 1, 1, 1, to_date('23-10-2015', 'dd-mm-yyyy'), null, 109, to_timestamp('19-11-2015 11:19:39.000000', 'dd-mm-yyyy hh24:mi:ss.ff'));
insert into CAP_CULTURA_PROD (id_cap_cultura_prod, fk_cap_cultura_prod, fk_nom_capitol, fk_nom_unitate_masura, fk_nom_planta_cultura, cod, denumire, descriere, cod_rand, is_formula, tip_formula_relatie, is_suprafata, is_prod_medie, is_prod_total, data_start, data_stop, base_id, last_modified_date)
values (110, 106, 49, 5, null, '110', 'Grâu dur de primăvară', null, 110, 0, 1, 1, 1, 1, to_date('23-10-2015', 'dd-mm-yyyy'), null, 110, to_timestamp('19-11-2015 11:19:39.000000', 'dd-mm-yyyy hh24:mi:ss.ff'));
insert into CAP_CULTURA_PROD (id_cap_cultura_prod, fk_cap_cultura_prod, fk_nom_capitol, fk_nom_unitate_masura, fk_nom_planta_cultura, cod, denumire, descriere, cod_rand, is_formula, tip_formula_relatie, is_suprafata, is_prod_medie, is_prod_total, data_start, data_stop, base_id, last_modified_date)
values (111, 106, 49, 5, null, '111', 'Secară de toamnă', null, 111, 0, 1, 1, 1, 1, to_date('23-10-2015', 'dd-mm-yyyy'), null, 111, to_timestamp('19-11-2015 11:19:39.000000', 'dd-mm-yyyy hh24:mi:ss.ff'));
insert into CAP_CULTURA_PROD (id_cap_cultura_prod, fk_cap_cultura_prod, fk_nom_capitol, fk_nom_unitate_masura, fk_nom_planta_cultura, cod, denumire, descriere, cod_rand, is_formula, tip_formula_relatie, is_suprafata, is_prod_medie, is_prod_total, data_start, data_stop, base_id, last_modified_date)
values (112, 106, 49, 5, null, '112', 'Secară de primăvară', null, 112, 0, 1, 1, 1, 1, to_date('23-10-2015', 'dd-mm-yyyy'), null, 112, to_timestamp('19-11-2015 11:19:39.000000', 'dd-mm-yyyy hh24:mi:ss.ff'));
insert into CAP_CULTURA_PROD (id_cap_cultura_prod, fk_cap_cultura_prod, fk_nom_capitol, fk_nom_unitate_masura, fk_nom_planta_cultura, cod, denumire, descriere, cod_rand, is_formula, tip_formula_relatie, is_suprafata, is_prod_medie, is_prod_total, data_start, data_stop, base_id, last_modified_date)
values (113, 106, 49, 5, null, '113', 'Orz', null, 113, 0, 1, 1, 1, 1, to_date('23-10-2015', 'dd-mm-yyyy'), null, 113, to_timestamp('19-11-2015 11:19:39.000000', 'dd-mm-yyyy hh24:mi:ss.ff'));
insert into CAP_CULTURA_PROD (id_cap_cultura_prod, fk_cap_cultura_prod, fk_nom_capitol, fk_nom_unitate_masura, fk_nom_planta_cultura, cod, denumire, descriere, cod_rand, is_formula, tip_formula_relatie, is_suprafata, is_prod_medie, is_prod_total, data_start, data_stop, base_id, last_modified_date)
values (114, 106, 49, 5, null, '114', 'Orzoaică de toamnă', null, 114, 0, 1, 1, 1, 1, to_date('23-10-2015', 'dd-mm-yyyy'), null, 114, to_timestamp('19-11-2015 11:19:39.000000', 'dd-mm-yyyy hh24:mi:ss.ff'));
insert into CAP_CULTURA_PROD (id_cap_cultura_prod, fk_cap_cultura_prod, fk_nom_capitol, fk_nom_unitate_masura, fk_nom_planta_cultura, cod, denumire, descriere, cod_rand, is_formula, tip_formula_relatie, is_suprafata, is_prod_medie, is_prod_total, data_start, data_stop, base_id, last_modified_date)
values (115, 106, 49, 5, null, '115', 'Orzoaică de primăvară', null, 115, 0, 1, 1, 1, 1, to_date('23-10-2015', 'dd-mm-yyyy'), null, 115, to_timestamp('19-11-2015 11:19:39.000000', 'dd-mm-yyyy hh24:mi:ss.ff'));
insert into CAP_CULTURA_PROD (id_cap_cultura_prod, fk_cap_cultura_prod, fk_nom_capitol, fk_nom_unitate_masura, fk_nom_planta_cultura, cod, denumire, descriere, cod_rand, is_formula, tip_formula_relatie, is_suprafata, is_prod_medie, is_prod_total, data_start, data_stop, base_id, last_modified_date)
values (116, 106, 49, 5, null, '116', 'Ovăz', null, 116, 0, 1, 1, 1, 1, to_date('23-10-2015', 'dd-mm-yyyy'), null, 116, to_timestamp('19-11-2015 11:19:39.000000', 'dd-mm-yyyy hh24:mi:ss.ff'));
insert into CAP_CULTURA_PROD (id_cap_cultura_prod, fk_cap_cultura_prod, fk_nom_capitol, fk_nom_unitate_masura, fk_nom_planta_cultura, cod, denumire, descriere, cod_rand, is_formula, tip_formula_relatie, is_suprafata, is_prod_medie, is_prod_total, data_start, data_stop, base_id, last_modified_date)
values (117, 106, 49, 5, null, '117', 'Porumb boabe', null, 117, 0, 1, 1, 1, 1, to_date('23-10-2015', 'dd-mm-yyyy'), null, 117, to_timestamp('19-11-2015 11:19:39.000000', 'dd-mm-yyyy hh24:mi:ss.ff'));
insert into CAP_CULTURA_PROD (id_cap_cultura_prod, fk_cap_cultura_prod, fk_nom_capitol, fk_nom_unitate_masura, fk_nom_planta_cultura, cod, denumire, descriere, cod_rand, is_formula, tip_formula_relatie, is_suprafata, is_prod_medie, is_prod_total, data_start, data_stop, base_id, last_modified_date)
values (118, 106, 49, 5, null, '118', 'Sorg pentru boabe', null, 118, 0, 1, 1, 1, 1, to_date('23-10-2015', 'dd-mm-yyyy'), null, 118, to_timestamp('19-11-2015 11:19:39.000000', 'dd-mm-yyyy hh24:mi:ss.ff'));
insert into CAP_CULTURA_PROD (id_cap_cultura_prod, fk_cap_cultura_prod, fk_nom_capitol, fk_nom_unitate_masura, fk_nom_planta_cultura, cod, denumire, descriere, cod_rand, is_formula, tip_formula_relatie, is_suprafata, is_prod_medie, is_prod_total, data_start, data_stop, base_id, last_modified_date)
values (119, 106, 49, 5, null, '119', 'Triticale de toamnă', null, 119, 0, 1, 1, 1, 1, to_date('23-10-2015', 'dd-mm-yyyy'), null, 119, to_timestamp('19-11-2015 11:19:39.000000', 'dd-mm-yyyy hh24:mi:ss.ff'));
insert into CAP_CULTURA_PROD (id_cap_cultura_prod, fk_cap_cultura_prod, fk_nom_capitol, fk_nom_unitate_masura, fk_nom_planta_cultura, cod, denumire, descriere, cod_rand, is_formula, tip_formula_relatie, is_suprafata, is_prod_medie, is_prod_total, data_start, data_stop, base_id, last_modified_date)
values (120, 106, 49, 5, null, '120', 'Triticale de primăvară', null, 120, 0, 1, 1, 1, 1, to_date('23-10-2015', 'dd-mm-yyyy'), null, 120, to_timestamp('19-11-2015 11:19:39.000000', 'dd-mm-yyyy hh24:mi:ss.ff'));
insert into CAP_CULTURA_PROD (id_cap_cultura_prod, fk_cap_cultura_prod, fk_nom_capitol, fk_nom_unitate_masura, fk_nom_planta_cultura, cod, denumire, descriere, cod_rand, is_formula, tip_formula_relatie, is_suprafata, is_prod_medie, is_prod_total, data_start, data_stop, base_id, last_modified_date)
values (121, 106, 49, 5, null, '121', 'Orez', null, 121, 0, 1, 1, 1, 1, to_date('23-10-2015', 'dd-mm-yyyy'), null, 121, to_timestamp('19-11-2015 11:19:39.000000', 'dd-mm-yyyy hh24:mi:ss.ff'));
insert into CAP_CULTURA_PROD (id_cap_cultura_prod, fk_cap_cultura_prod, fk_nom_capitol, fk_nom_unitate_masura, fk_nom_planta_cultura, cod, denumire, descriere, cod_rand, is_formula, tip_formula_relatie, is_suprafata, is_prod_medie, is_prod_total, data_start, data_stop, base_id, last_modified_date)
values (122, 106, 49, 5, null, '122', 'Alte cereale pentru sămânță (mei, hrișcă, etc.)', null, 122, 0, 1, 1, 1, 1, to_date('23-10-2015', 'dd-mm-yyyy'), null, 122, to_timestamp('19-11-2015 11:19:39.000000', 'dd-mm-yyyy hh24:mi:ss.ff'));
insert into CAP_CULTURA_PROD (id_cap_cultura_prod, fk_cap_cultura_prod, fk_nom_capitol, fk_nom_unitate_masura, fk_nom_planta_cultura, cod, denumire, descriere, cod_rand, is_formula, tip_formula_relatie, is_suprafata, is_prod_medie, is_prod_total, data_start, data_stop, base_id, last_modified_date)
values (123, 105, 49, 5, null, '123', 'b) Leguminoase boabe pentru sămânță – total cod (124+125+126)', null, 123, 1, 1, 1, 0, 1, to_date('23-10-2015', 'dd-mm-yyyy'), null, 123, to_timestamp('19-11-2015 11:19:39.000000', 'dd-mm-yyyy hh24:mi:ss.ff'));
insert into CAP_CULTURA_PROD (id_cap_cultura_prod, fk_cap_cultura_prod, fk_nom_capitol, fk_nom_unitate_masura, fk_nom_planta_cultura, cod, denumire, descriere, cod_rand, is_formula, tip_formula_relatie, is_suprafata, is_prod_medie, is_prod_total, data_start, data_stop, base_id, last_modified_date)
values (124, 123, 49, 5, null, '124', 'Mazăre boabe', null, 124, 0, 1, 1, 1, 1, to_date('23-10-2015', 'dd-mm-yyyy'), null, 124, to_timestamp('19-11-2015 11:19:39.000000', 'dd-mm-yyyy hh24:mi:ss.ff'));
insert into CAP_CULTURA_PROD (id_cap_cultura_prod, fk_cap_cultura_prod, fk_nom_capitol, fk_nom_unitate_masura, fk_nom_planta_cultura, cod, denumire, descriere, cod_rand, is_formula, tip_formula_relatie, is_suprafata, is_prod_medie, is_prod_total, data_start, data_stop, base_id, last_modified_date)
values (125, 123, 49, 5, null, '125', 'Fasole boabe', null, 125, 0, 1, 1, 1, 1, to_date('23-10-2015', 'dd-mm-yyyy'), null, 125, to_timestamp('19-11-2015 11:19:39.000000', 'dd-mm-yyyy hh24:mi:ss.ff'));
insert into CAP_CULTURA_PROD (id_cap_cultura_prod, fk_cap_cultura_prod, fk_nom_capitol, fk_nom_unitate_masura, fk_nom_planta_cultura, cod, denumire, descriere, cod_rand, is_formula, tip_formula_relatie, is_suprafata, is_prod_medie, is_prod_total, data_start, data_stop, base_id, last_modified_date)
values (126, 123, 49, 5, null, '126', 'Alte leguminoase boabe pentru sămânță (linte, bob, lupin,etc.)', null, 126, 0, 1, 1, 1, 1, to_date('23-10-2015', 'dd-mm-yyyy'), null, 126, to_timestamp('19-11-2015 11:19:39.000000', 'dd-mm-yyyy hh24:mi:ss.ff'));
insert into CAP_CULTURA_PROD (id_cap_cultura_prod, fk_cap_cultura_prod, fk_nom_capitol, fk_nom_unitate_masura, fk_nom_planta_cultura, cod, denumire, descriere, cod_rand, is_formula, tip_formula_relatie, is_suprafata, is_prod_medie, is_prod_total, data_start, data_stop, base_id, last_modified_date)
values (127, 105, 49, 5, null, '127', 'c) Rădăcinoase pentru sămânță – total cod (128+129+130)', null, 127, 1, 1, 1, 0, 1, to_date('23-10-2015', 'dd-mm-yyyy'), null, 127, to_timestamp('19-11-2015 11:19:39.000000', 'dd-mm-yyyy hh24:mi:ss.ff'));
insert into CAP_CULTURA_PROD (id_cap_cultura_prod, fk_cap_cultura_prod, fk_nom_capitol, fk_nom_unitate_masura, fk_nom_planta_cultura, cod, denumire, descriere, cod_rand, is_formula, tip_formula_relatie, is_suprafata, is_prod_medie, is_prod_total, data_start, data_stop, base_id, last_modified_date)
values (128, 127, 49, 5, null, '128', 'Sfeclă de zahăr', null, 128, 0, 1, 1, 1, 1, to_date('23-10-2015', 'dd-mm-yyyy'), null, 128, to_timestamp('19-11-2015 11:19:39.000000', 'dd-mm-yyyy hh24:mi:ss.ff'));
insert into CAP_CULTURA_PROD (id_cap_cultura_prod, fk_cap_cultura_prod, fk_nom_capitol, fk_nom_unitate_masura, fk_nom_planta_cultura, cod, denumire, descriere, cod_rand, is_formula, tip_formula_relatie, is_suprafata, is_prod_medie, is_prod_total, data_start, data_stop, base_id, last_modified_date)
values (129, 127, 49, 5, null, '129', 'Sfeclă furajeră', null, 129, 0, 1, 1, 1, 1, to_date('23-10-2015', 'dd-mm-yyyy'), null, 129, to_timestamp('19-11-2015 11:19:39.000000', 'dd-mm-yyyy hh24:mi:ss.ff'));
insert into CAP_CULTURA_PROD (id_cap_cultura_prod, fk_cap_cultura_prod, fk_nom_capitol, fk_nom_unitate_masura, fk_nom_planta_cultura, cod, denumire, descriere, cod_rand, is_formula, tip_formula_relatie, is_suprafata, is_prod_medie, is_prod_total, data_start, data_stop, base_id, last_modified_date)
values (130, 127, 49, 5, null, '130', 'Alte rădăcinoase furajere pentru sămânță', null, 130, 0, 1, 1, 1, 1, to_date('23-10-2015', 'dd-mm-yyyy'), null, 130, to_timestamp('19-11-2015 11:19:39.000000', 'dd-mm-yyyy hh24:mi:ss.ff'));
insert into CAP_CULTURA_PROD (id_cap_cultura_prod, fk_cap_cultura_prod, fk_nom_capitol, fk_nom_unitate_masura, fk_nom_planta_cultura, cod, denumire, descriere, cod_rand, is_formula, tip_formula_relatie, is_suprafata, is_prod_medie, is_prod_total, data_start, data_stop, base_id, last_modified_date)
values (131, 105, 49, 5, null, '131', 'd) Cartofi pentru samânță', null, 131, 0, 1, 1, 1, 1, to_date('23-10-2015', 'dd-mm-yyyy'), null, 131, to_timestamp('19-11-2015 11:19:39.000000', 'dd-mm-yyyy hh24:mi:ss.ff'));
insert into CAP_CULTURA_PROD (id_cap_cultura_prod, fk_cap_cultura_prod, fk_nom_capitol, fk_nom_unitate_masura, fk_nom_planta_cultura, cod, denumire, descriere, cod_rand, is_formula, tip_formula_relatie, is_suprafata, is_prod_medie, is_prod_total, data_start, data_stop, base_id, last_modified_date)
values (132, 105, 49, 5, null, '132', 'e) Plante textile pentru sămânță - total cod (133+134)', null, 132, 1, 1, 1, 0, 1, to_date('23-10-2015', 'dd-mm-yyyy'), null, 132, to_timestamp('19-11-2015 11:19:39.000000', 'dd-mm-yyyy hh24:mi:ss.ff'));
insert into CAP_CULTURA_PROD (id_cap_cultura_prod, fk_cap_cultura_prod, fk_nom_capitol, fk_nom_unitate_masura, fk_nom_planta_cultura, cod, denumire, descriere, cod_rand, is_formula, tip_formula_relatie, is_suprafata, is_prod_medie, is_prod_total, data_start, data_stop, base_id, last_modified_date)
values (133, 132, 49, 5, null, '133', 'In pentru fibră', null, 133, 0, 1, 1, 1, 1, to_date('23-10-2015', 'dd-mm-yyyy'), null, 133, to_timestamp('19-11-2015 11:19:39.000000', 'dd-mm-yyyy hh24:mi:ss.ff'));
insert into CAP_CULTURA_PROD (id_cap_cultura_prod, fk_cap_cultura_prod, fk_nom_capitol, fk_nom_unitate_masura, fk_nom_planta_cultura, cod, denumire, descriere, cod_rand, is_formula, tip_formula_relatie, is_suprafata, is_prod_medie, is_prod_total, data_start, data_stop, base_id, last_modified_date)
values (134, 132, 49, 5, null, '134', 'Cânepă pentru fibră', null, 134, 0, 1, 1, 1, 1, to_date('23-10-2015', 'dd-mm-yyyy'), null, 134, to_timestamp('19-11-2015 11:19:39.000000', 'dd-mm-yyyy hh24:mi:ss.ff'));
insert into CAP_CULTURA_PROD (id_cap_cultura_prod, fk_cap_cultura_prod, fk_nom_capitol, fk_nom_unitate_masura, fk_nom_planta_cultura, cod, denumire, descriere, cod_rand, is_formula, tip_formula_relatie, is_suprafata, is_prod_medie, is_prod_total, data_start, data_stop, base_id, last_modified_date)
values (135, 105, 49, 5, null, '135', 'f) Plante oleaginoase pentru sămânță - total cod (136+...+141)', null, 135, 1, 1, 1, 0, 1, to_date('23-10-2015', 'dd-mm-yyyy'), null, 135, to_timestamp('19-11-2015 11:19:39.000000', 'dd-mm-yyyy hh24:mi:ss.ff'));
insert into CAP_CULTURA_PROD (id_cap_cultura_prod, fk_cap_cultura_prod, fk_nom_capitol, fk_nom_unitate_masura, fk_nom_planta_cultura, cod, denumire, descriere, cod_rand, is_formula, tip_formula_relatie, is_suprafata, is_prod_medie, is_prod_total, data_start, data_stop, base_id, last_modified_date)
values (136, 135, 49, 5, null, '136', 'Floarea-soarelui', null, 136, 0, 1, 1, 1, 1, to_date('23-10-2015', 'dd-mm-yyyy'), null, 136, to_timestamp('19-11-2015 11:19:39.000000', 'dd-mm-yyyy hh24:mi:ss.ff'));
insert into CAP_CULTURA_PROD (id_cap_cultura_prod, fk_cap_cultura_prod, fk_nom_capitol, fk_nom_unitate_masura, fk_nom_planta_cultura, cod, denumire, descriere, cod_rand, is_formula, tip_formula_relatie, is_suprafata, is_prod_medie, is_prod_total, data_start, data_stop, base_id, last_modified_date)
values (137, 135, 49, 5, null, '137', 'Rapiță pentru ulei', null, 137, 0, 1, 1, 1, 1, to_date('23-10-2015', 'dd-mm-yyyy'), null, 137, to_timestamp('19-11-2015 11:19:39.000000', 'dd-mm-yyyy hh24:mi:ss.ff'));
insert into CAP_CULTURA_PROD (id_cap_cultura_prod, fk_cap_cultura_prod, fk_nom_capitol, fk_nom_unitate_masura, fk_nom_planta_cultura, cod, denumire, descriere, cod_rand, is_formula, tip_formula_relatie, is_suprafata, is_prod_medie, is_prod_total, data_start, data_stop, base_id, last_modified_date)
values (138, 135, 49, 5, null, '138', 'Soia boabe', null, 138, 0, 1, 1, 1, 1, to_date('23-10-2015', 'dd-mm-yyyy'), null, 138, to_timestamp('19-11-2015 11:19:39.000000', 'dd-mm-yyyy hh24:mi:ss.ff'));
insert into CAP_CULTURA_PROD (id_cap_cultura_prod, fk_cap_cultura_prod, fk_nom_capitol, fk_nom_unitate_masura, fk_nom_planta_cultura, cod, denumire, descriere, cod_rand, is_formula, tip_formula_relatie, is_suprafata, is_prod_medie, is_prod_total, data_start, data_stop, base_id, last_modified_date)
values (139, 135, 49, 5, null, '139', 'Muștar', null, 139, 0, 1, 1, 1, 1, to_date('23-10-2015', 'dd-mm-yyyy'), null, 139, to_timestamp('19-11-2015 11:19:39.000000', 'dd-mm-yyyy hh24:mi:ss.ff'));
insert into CAP_CULTURA_PROD (id_cap_cultura_prod, fk_cap_cultura_prod, fk_nom_capitol, fk_nom_unitate_masura, fk_nom_planta_cultura, cod, denumire, descriere, cod_rand, is_formula, tip_formula_relatie, is_suprafata, is_prod_medie, is_prod_total, data_start, data_stop, base_id, last_modified_date)
values (140, 135, 49, 5, null, '140', 'In pentru ulei', null, 140, 0, 1, 1, 1, 1, to_date('23-10-2015', 'dd-mm-yyyy'), null, 140, to_timestamp('19-11-2015 11:19:39.000000', 'dd-mm-yyyy hh24:mi:ss.ff'));
insert into CAP_CULTURA_PROD (id_cap_cultura_prod, fk_cap_cultura_prod, fk_nom_capitol, fk_nom_unitate_masura, fk_nom_planta_cultura, cod, denumire, descriere, cod_rand, is_formula, tip_formula_relatie, is_suprafata, is_prod_medie, is_prod_total, data_start, data_stop, base_id, last_modified_date)
values (141, 135, 49, 5, null, '141', 'Alte plante oleaginoase pentru sămânță', null, 141, 0, 1, 1, 1, 1, to_date('23-10-2015', 'dd-mm-yyyy'), null, 141, to_timestamp('19-11-2015 11:19:39.000000', 'dd-mm-yyyy hh24:mi:ss.ff'));
insert into CAP_CULTURA_PROD (id_cap_cultura_prod, fk_cap_cultura_prod, fk_nom_capitol, fk_nom_unitate_masura, fk_nom_planta_cultura, cod, denumire, descriere, cod_rand, is_formula, tip_formula_relatie, is_suprafata, is_prod_medie, is_prod_total, data_start, data_stop, base_id, last_modified_date)
values (142, 105, 49, 5, null, '142', 'g) Plante pentru alte industrializări pentru sămânță – total cod (143+144)', null, 142, 1, 1, 1, 0, 1, to_date('23-10-2015', 'dd-mm-yyyy'), null, 142, to_timestamp('19-11-2015 11:19:39.000000', 'dd-mm-yyyy hh24:mi:ss.ff'));
insert into CAP_CULTURA_PROD (id_cap_cultura_prod, fk_cap_cultura_prod, fk_nom_capitol, fk_nom_unitate_masura, fk_nom_planta_cultura, cod, denumire, descriere, cod_rand, is_formula, tip_formula_relatie, is_suprafata, is_prod_medie, is_prod_total, data_start, data_stop, base_id, last_modified_date)
values (143, 142, 49, 5, null, '143', 'Tutun', null, 143, 0, 1, 1, 1, 1, to_date('23-10-2015', 'dd-mm-yyyy'), null, 143, to_timestamp('19-11-2015 11:19:39.000000', 'dd-mm-yyyy hh24:mi:ss.ff'));
insert into CAP_CULTURA_PROD (id_cap_cultura_prod, fk_cap_cultura_prod, fk_nom_capitol, fk_nom_unitate_masura, fk_nom_planta_cultura, cod, denumire, descriere, cod_rand, is_formula, tip_formula_relatie, is_suprafata, is_prod_medie, is_prod_total, data_start, data_stop, base_id, last_modified_date)
values (144, 142, 49, 5, null, '144', 'Sorg pentru mături', null, 144, 0, 1, 1, 1, 1, to_date('23-10-2015', 'dd-mm-yyyy'), null, 144, to_timestamp('19-11-2015 11:19:39.000000', 'dd-mm-yyyy hh24:mi:ss.ff'));
insert into CAP_CULTURA_PROD (id_cap_cultura_prod, fk_cap_cultura_prod, fk_nom_capitol, fk_nom_unitate_masura, fk_nom_planta_cultura, cod, denumire, descriere, cod_rand, is_formula, tip_formula_relatie, is_suprafata, is_prod_medie, is_prod_total, data_start, data_stop, base_id, last_modified_date)
values (145, 105, 49, 5, null, '145', 'h) Plante medicinale, aromatice și condimente pentru sămânță – total cod (146+147+148+149)', null, 145, 1, 1, 1, 0, 1, to_date('23-10-2015', 'dd-mm-yyyy'), null, 145, to_timestamp('19-11-2015 11:19:39.000000', 'dd-mm-yyyy hh24:mi:ss.ff'));
insert into CAP_CULTURA_PROD (id_cap_cultura_prod, fk_cap_cultura_prod, fk_nom_capitol, fk_nom_unitate_masura, fk_nom_planta_cultura, cod, denumire, descriere, cod_rand, is_formula, tip_formula_relatie, is_suprafata, is_prod_medie, is_prod_total, data_start, data_stop, base_id, last_modified_date)
values (146, 145, 49, 5, null, '146', 'Coriandru', null, 146, 0, 1, 1, 1, 1, to_date('23-10-2015', 'dd-mm-yyyy'), null, 146, to_timestamp('19-11-2015 11:19:39.000000', 'dd-mm-yyyy hh24:mi:ss.ff'));
insert into CAP_CULTURA_PROD (id_cap_cultura_prod, fk_cap_cultura_prod, fk_nom_capitol, fk_nom_unitate_masura, fk_nom_planta_cultura, cod, denumire, descriere, cod_rand, is_formula, tip_formula_relatie, is_suprafata, is_prod_medie, is_prod_total, data_start, data_stop, base_id, last_modified_date)
values (147, 145, 49, 5, null, '147', 'Chimion', null, 147, 0, 1, 1, 1, 1, to_date('23-10-2015', 'dd-mm-yyyy'), null, 147, to_timestamp('19-11-2015 11:19:39.000000', 'dd-mm-yyyy hh24:mi:ss.ff'));
insert into CAP_CULTURA_PROD (id_cap_cultura_prod, fk_cap_cultura_prod, fk_nom_capitol, fk_nom_unitate_masura, fk_nom_planta_cultura, cod, denumire, descriere, cod_rand, is_formula, tip_formula_relatie, is_suprafata, is_prod_medie, is_prod_total, data_start, data_stop, base_id, last_modified_date)
values (148, 145, 49, 5, null, '148', 'Fenicul', null, 148, 0, 1, 1, 1, 1, to_date('23-10-2015', 'dd-mm-yyyy'), null, 148, to_timestamp('19-11-2015 11:19:39.000000', 'dd-mm-yyyy hh24:mi:ss.ff'));
insert into CAP_CULTURA_PROD (id_cap_cultura_prod, fk_cap_cultura_prod, fk_nom_capitol, fk_nom_unitate_masura, fk_nom_planta_cultura, cod, denumire, descriere, cod_rand, is_formula, tip_formula_relatie, is_suprafata, is_prod_medie, is_prod_total, data_start, data_stop, base_id, last_modified_date)
values (149, 145, 49, 5, null, '149', 'Alte plante medicinale, aromatice și condimente pentru sămânță', null, 149, 0, 1, 1, 1, 1, to_date('23-10-2015', 'dd-mm-yyyy'), null, 149, to_timestamp('19-11-2015 11:19:39.000000', 'dd-mm-yyyy hh24:mi:ss.ff'));
insert into CAP_CULTURA_PROD (id_cap_cultura_prod, fk_cap_cultura_prod, fk_nom_capitol, fk_nom_unitate_masura, fk_nom_planta_cultura, cod, denumire, descriere, cod_rand, is_formula, tip_formula_relatie, is_suprafata, is_prod_medie, is_prod_total, data_start, data_stop, base_id, last_modified_date)
values (150, 105, 49, 4, null, '150', 'i) Culturi horticole pentru sămânță – total cod (151+...+164)', null, 150, 1, 1, 1, 0, 1, to_date('23-10-2015', 'dd-mm-yyyy'), null, 150, to_timestamp('19-11-2015 11:19:39.000000', 'dd-mm-yyyy hh24:mi:ss.ff'));
insert into CAP_CULTURA_PROD (id_cap_cultura_prod, fk_cap_cultura_prod, fk_nom_capitol, fk_nom_unitate_masura, fk_nom_planta_cultura, cod, denumire, descriere, cod_rand, is_formula, tip_formula_relatie, is_suprafata, is_prod_medie, is_prod_total, data_start, data_stop, base_id, last_modified_date)
values (151, 150, 49, 4, null, '151', 'Tomate', null, 151, 0, 1, 1, 1, 1, to_date('23-10-2015', 'dd-mm-yyyy'), null, 151, to_timestamp('19-11-2015 11:19:39.000000', 'dd-mm-yyyy hh24:mi:ss.ff'));
insert into CAP_CULTURA_PROD (id_cap_cultura_prod, fk_cap_cultura_prod, fk_nom_capitol, fk_nom_unitate_masura, fk_nom_planta_cultura, cod, denumire, descriere, cod_rand, is_formula, tip_formula_relatie, is_suprafata, is_prod_medie, is_prod_total, data_start, data_stop, base_id, last_modified_date)
values (152, 150, 49, 4, null, '152', 'Ceapă sămânță', null, 152, 0, 1, 1, 1, 1, to_date('23-10-2015', 'dd-mm-yyyy'), null, 152, to_timestamp('19-11-2015 11:19:39.000000', 'dd-mm-yyyy hh24:mi:ss.ff'));
insert into CAP_CULTURA_PROD (id_cap_cultura_prod, fk_cap_cultura_prod, fk_nom_capitol, fk_nom_unitate_masura, fk_nom_planta_cultura, cod, denumire, descriere, cod_rand, is_formula, tip_formula_relatie, is_suprafata, is_prod_medie, is_prod_total, data_start, data_stop, base_id, last_modified_date)
values (153, 150, 49, 4, null, '153', 'Arpagic', null, 153, 0, 1, 1, 1, 1, to_date('23-10-2015', 'dd-mm-yyyy'), null, 153, to_timestamp('19-11-2015 11:19:39.000000', 'dd-mm-yyyy hh24:mi:ss.ff'));
insert into CAP_CULTURA_PROD (id_cap_cultura_prod, fk_cap_cultura_prod, fk_nom_capitol, fk_nom_unitate_masura, fk_nom_planta_cultura, cod, denumire, descriere, cod_rand, is_formula, tip_formula_relatie, is_suprafata, is_prod_medie, is_prod_total, data_start, data_stop, base_id, last_modified_date)
values (154, 150, 49, 4, null, '154', 'Usturoi', null, 154, 0, 1, 1, 1, 1, to_date('23-10-2015', 'dd-mm-yyyy'), null, 154, to_timestamp('19-11-2015 11:19:39.000000', 'dd-mm-yyyy hh24:mi:ss.ff'));
insert into CAP_CULTURA_PROD (id_cap_cultura_prod, fk_cap_cultura_prod, fk_nom_capitol, fk_nom_unitate_masura, fk_nom_planta_cultura, cod, denumire, descriere, cod_rand, is_formula, tip_formula_relatie, is_suprafata, is_prod_medie, is_prod_total, data_start, data_stop, base_id, last_modified_date)
values (155, 150, 49, 4, null, '155', 'Varză', null, 155, 0, 1, 1, 1, 1, to_date('23-10-2015', 'dd-mm-yyyy'), null, 155, to_timestamp('19-11-2015 11:19:39.000000', 'dd-mm-yyyy hh24:mi:ss.ff'));
insert into CAP_CULTURA_PROD (id_cap_cultura_prod, fk_cap_cultura_prod, fk_nom_capitol, fk_nom_unitate_masura, fk_nom_planta_cultura, cod, denumire, descriere, cod_rand, is_formula, tip_formula_relatie, is_suprafata, is_prod_medie, is_prod_total, data_start, data_stop, base_id, last_modified_date)
values (156, 150, 49, 4, null, '156', 'Ardei', null, 156, 0, 1, 1, 1, 1, to_date('23-10-2015', 'dd-mm-yyyy'), null, 156, to_timestamp('19-11-2015 11:19:39.000000', 'dd-mm-yyyy hh24:mi:ss.ff'));
insert into CAP_CULTURA_PROD (id_cap_cultura_prod, fk_cap_cultura_prod, fk_nom_capitol, fk_nom_unitate_masura, fk_nom_planta_cultura, cod, denumire, descriere, cod_rand, is_formula, tip_formula_relatie, is_suprafata, is_prod_medie, is_prod_total, data_start, data_stop, base_id, last_modified_date)
values (157, 150, 49, 4, null, '157', 'Castraveți', null, 157, 0, 1, 1, 1, 1, to_date('23-10-2015', 'dd-mm-yyyy'), null, 157, to_timestamp('19-11-2015 11:19:39.000000', 'dd-mm-yyyy hh24:mi:ss.ff'));
insert into CAP_CULTURA_PROD (id_cap_cultura_prod, fk_cap_cultura_prod, fk_nom_capitol, fk_nom_unitate_masura, fk_nom_planta_cultura, cod, denumire, descriere, cod_rand, is_formula, tip_formula_relatie, is_suprafata, is_prod_medie, is_prod_total, data_start, data_stop, base_id, last_modified_date)
values (158, 150, 49, 4, null, '158', 'Rădăcinoase', null, 158, 0, 1, 1, 1, 1, to_date('23-10-2015', 'dd-mm-yyyy'), null, 158, to_timestamp('19-11-2015 11:19:39.000000', 'dd-mm-yyyy hh24:mi:ss.ff'));
insert into CAP_CULTURA_PROD (id_cap_cultura_prod, fk_cap_cultura_prod, fk_nom_capitol, fk_nom_unitate_masura, fk_nom_planta_cultura, cod, denumire, descriere, cod_rand, is_formula, tip_formula_relatie, is_suprafata, is_prod_medie, is_prod_total, data_start, data_stop, base_id, last_modified_date)
values (159, 150, 49, 4, null, '159', 'Mazăre păstăi', null, 159, 0, 1, 1, 1, 1, to_date('23-10-2015', 'dd-mm-yyyy'), null, 159, to_timestamp('19-11-2015 11:19:39.000000', 'dd-mm-yyyy hh24:mi:ss.ff'));
insert into CAP_CULTURA_PROD (id_cap_cultura_prod, fk_cap_cultura_prod, fk_nom_capitol, fk_nom_unitate_masura, fk_nom_planta_cultura, cod, denumire, descriere, cod_rand, is_formula, tip_formula_relatie, is_suprafata, is_prod_medie, is_prod_total, data_start, data_stop, base_id, last_modified_date)
values (160, 150, 49, 4, null, '160', 'Fasole păstăi', null, 160, 0, 1, 1, 1, 1, to_date('23-10-2015', 'dd-mm-yyyy'), null, 160, to_timestamp('19-11-2015 11:19:39.000000', 'dd-mm-yyyy hh24:mi:ss.ff'));
insert into CAP_CULTURA_PROD (id_cap_cultura_prod, fk_cap_cultura_prod, fk_nom_capitol, fk_nom_unitate_masura, fk_nom_planta_cultura, cod, denumire, descriere, cod_rand, is_formula, tip_formula_relatie, is_suprafata, is_prod_medie, is_prod_total, data_start, data_stop, base_id, last_modified_date)
values (161, 150, 49, 4, null, '161', 'Pepeni verzi', null, 161, 0, 1, 1, 1, 1, to_date('23-10-2015', 'dd-mm-yyyy'), null, 161, to_timestamp('19-11-2015 11:19:39.000000', 'dd-mm-yyyy hh24:mi:ss.ff'));
insert into CAP_CULTURA_PROD (id_cap_cultura_prod, fk_cap_cultura_prod, fk_nom_capitol, fk_nom_unitate_masura, fk_nom_planta_cultura, cod, denumire, descriere, cod_rand, is_formula, tip_formula_relatie, is_suprafata, is_prod_medie, is_prod_total, data_start, data_stop, base_id, last_modified_date)
values (163, 150, 49, 4, null, '163', 'Alte semințe horticole', null, 163, 0, 1, 1, 1, 1, to_date('23-10-2015', 'dd-mm-yyyy'), null, 163, to_timestamp('19-11-2015 11:19:39.000000', 'dd-mm-yyyy hh24:mi:ss.ff'));
insert into CAP_CULTURA_PROD (id_cap_cultura_prod, fk_cap_cultura_prod, fk_nom_capitol, fk_nom_unitate_masura, fk_nom_planta_cultura, cod, denumire, descriere, cod_rand, is_formula, tip_formula_relatie, is_suprafata, is_prod_medie, is_prod_total, data_start, data_stop, base_id, last_modified_date)
values (164, 150, 49, 10, null, '164', 'Seminceri legumicoli (plante mamă)', null, 164, 0, 1, 1, 1, 1, to_date('23-10-2015', 'dd-mm-yyyy'), null, 164, to_timestamp('19-11-2015 11:19:39.000000', 'dd-mm-yyyy hh24:mi:ss.ff'));
insert into CAP_CULTURA_PROD (id_cap_cultura_prod, fk_cap_cultura_prod, fk_nom_capitol, fk_nom_unitate_masura, fk_nom_planta_cultura, cod, denumire, descriere, cod_rand, is_formula, tip_formula_relatie, is_suprafata, is_prod_medie, is_prod_total, data_start, data_stop, base_id, last_modified_date)
values (165, 105, 49, 5, null, '165', 'j) Plante de nutreț pentru sămânță – total cod (166+167+168)', null, 165, 1, 1, 1, 0, 1, to_date('23-10-2015', 'dd-mm-yyyy'), null, 165, to_timestamp('19-11-2015 11:19:39.000000', 'dd-mm-yyyy hh24:mi:ss.ff'));
insert into CAP_CULTURA_PROD (id_cap_cultura_prod, fk_cap_cultura_prod, fk_nom_capitol, fk_nom_unitate_masura, fk_nom_planta_cultura, cod, denumire, descriere, cod_rand, is_formula, tip_formula_relatie, is_suprafata, is_prod_medie, is_prod_total, data_start, data_stop, base_id, last_modified_date)
values (166, 165, 49, 5, null, '166', 'Leguminoase perene', null, 166, 0, 1, 1, 1, 1, to_date('23-10-2015', 'dd-mm-yyyy'), null, 166, to_timestamp('19-11-2015 11:19:39.000000', 'dd-mm-yyyy hh24:mi:ss.ff'));
insert into CAP_CULTURA_PROD (id_cap_cultura_prod, fk_cap_cultura_prod, fk_nom_capitol, fk_nom_unitate_masura, fk_nom_planta_cultura, cod, denumire, descriere, cod_rand, is_formula, tip_formula_relatie, is_suprafata, is_prod_medie, is_prod_total, data_start, data_stop, base_id, last_modified_date)
values (167, 165, 49, 5, null, '167', 'Graminee perene', null, 167, 0, 1, 1, 1, 1, to_date('23-10-2015', 'dd-mm-yyyy'), null, 167, to_timestamp('19-11-2015 11:19:39.000000', 'dd-mm-yyyy hh24:mi:ss.ff'));
insert into CAP_CULTURA_PROD (id_cap_cultura_prod, fk_cap_cultura_prod, fk_nom_capitol, fk_nom_unitate_masura, fk_nom_planta_cultura, cod, denumire, descriere, cod_rand, is_formula, tip_formula_relatie, is_suprafata, is_prod_medie, is_prod_total, data_start, data_stop, base_id, last_modified_date)
values (168, 165, 49, 5, null, '168', 'Anuale și bianuale', null, 168, 0, 1, 1, 1, 1, to_date('23-10-2015', 'dd-mm-yyyy'), null, 168, to_timestamp('19-11-2015 11:19:39.000000', 'dd-mm-yyyy hh24:mi:ss.ff'));
insert into CAP_CULTURA_PROD (id_cap_cultura_prod, fk_cap_cultura_prod, fk_nom_capitol, fk_nom_unitate_masura, fk_nom_planta_cultura, cod, denumire, descriere, cod_rand, is_formula, tip_formula_relatie, is_suprafata, is_prod_medie, is_prod_total, data_start, data_stop, base_id, last_modified_date)
values (169, null, 49, 5, null, '169', 'Căpșunerii', null, 169, 0, 1, 1, 1, 1, to_date('23-10-2015', 'dd-mm-yyyy'), null, 169, to_timestamp('02-02-2016 17:18:40.000000', 'dd-mm-yyyy hh24:mi:ss.ff'));
insert into CAP_CULTURA_PROD (id_cap_cultura_prod, fk_cap_cultura_prod, fk_nom_capitol, fk_nom_unitate_masura, fk_nom_planta_cultura, cod, denumire, descriere, cod_rand, is_formula, tip_formula_relatie, is_suprafata, is_prod_medie, is_prod_total, data_start, data_stop, base_id, last_modified_date)
values (170, null, 49, 10, null, '170', 'Flori, plante ornamentale și dendrologice în câmp', null, 170, 0, 1, 1, 1, 1, to_date('23-10-2015', 'dd-mm-yyyy'), null, 170, to_timestamp('02-02-2016 17:18:43.000000', 'dd-mm-yyyy hh24:mi:ss.ff'));
insert into CAP_CULTURA_PROD (id_cap_cultura_prod, fk_cap_cultura_prod, fk_nom_capitol, fk_nom_unitate_masura, fk_nom_planta_cultura, cod, denumire, descriere, cod_rand, is_formula, tip_formula_relatie, is_suprafata, is_prod_medie, is_prod_total, data_start, data_stop, base_id, last_modified_date)
values (171, null, 49, 10, null, '171', 'Răsadnițe', null, 171, 0, 1, 1, 1, 1, to_date('23-10-2015', 'dd-mm-yyyy'), null, 171, to_timestamp('02-02-2016 17:18:46.000000', 'dd-mm-yyyy hh24:mi:ss.ff'));
insert into CAP_CULTURA_PROD (id_cap_cultura_prod, fk_cap_cultura_prod, fk_nom_capitol, fk_nom_unitate_masura, fk_nom_planta_cultura, cod, denumire, descriere, cod_rand, is_formula, tip_formula_relatie, is_suprafata, is_prod_medie, is_prod_total, data_start, data_stop, base_id, last_modified_date)
values (182, null, 50, 5, null, '182', 'Culturi succesive în câmp cod (02+...+09)', null, 1, 1, 0, 1, 0, 1, to_date('23-10-2015', 'dd-mm-yyyy'), null, 182, to_timestamp('28-01-2016 20:55:40.000000', 'dd-mm-yyyy hh24:mi:ss.ff'));
insert into CAP_CULTURA_PROD (id_cap_cultura_prod, fk_cap_cultura_prod, fk_nom_capitol, fk_nom_unitate_masura, fk_nom_planta_cultura, cod, denumire, descriere, cod_rand, is_formula, tip_formula_relatie, is_suprafata, is_prod_medie, is_prod_total, data_start, data_stop, base_id, last_modified_date)
values (183, 182, 50, 5, null, '183', ' - porumb boabe', null, 2, 0, 1, 1, 1, 1, to_date('23-10-2015', 'dd-mm-yyyy'), null, 183, to_timestamp('19-11-2015 11:19:39.000000', 'dd-mm-yyyy hh24:mi:ss.ff'));
insert into CAP_CULTURA_PROD (id_cap_cultura_prod, fk_cap_cultura_prod, fk_nom_capitol, fk_nom_unitate_masura, fk_nom_planta_cultura, cod, denumire, descriere, cod_rand, is_formula, tip_formula_relatie, is_suprafata, is_prod_medie, is_prod_total, data_start, data_stop, base_id, last_modified_date)
values (184, 182, 50, 5, null, '184', ' - porumb verde furajer', null, 3, 0, 1, 1, 1, 1, to_date('23-10-2015', 'dd-mm-yyyy'), null, 184, to_timestamp('19-11-2015 11:19:39.000000', 'dd-mm-yyyy hh24:mi:ss.ff'));
insert into CAP_CULTURA_PROD (id_cap_cultura_prod, fk_cap_cultura_prod, fk_nom_capitol, fk_nom_unitate_masura, fk_nom_planta_cultura, cod, denumire, descriere, cod_rand, is_formula, tip_formula_relatie, is_suprafata, is_prod_medie, is_prod_total, data_start, data_stop, base_id, last_modified_date)
values (185, 182, 50, 5, null, '185', ' - tomate', null, 4, 0, 1, 1, 1, 1, to_date('23-10-2015', 'dd-mm-yyyy'), null, 185, to_timestamp('19-11-2015 11:19:39.000000', 'dd-mm-yyyy hh24:mi:ss.ff'));
insert into CAP_CULTURA_PROD (id_cap_cultura_prod, fk_cap_cultura_prod, fk_nom_capitol, fk_nom_unitate_masura, fk_nom_planta_cultura, cod, denumire, descriere, cod_rand, is_formula, tip_formula_relatie, is_suprafata, is_prod_medie, is_prod_total, data_start, data_stop, base_id, last_modified_date)
values (186, 182, 50, 5, null, '186', ' - varză alba', null, 5, 0, 1, 1, 1, 1, to_date('23-10-2015', 'dd-mm-yyyy'), null, 186, to_timestamp('19-11-2015 11:19:39.000000', 'dd-mm-yyyy hh24:mi:ss.ff'));
insert into CAP_CULTURA_PROD (id_cap_cultura_prod, fk_cap_cultura_prod, fk_nom_capitol, fk_nom_unitate_masura, fk_nom_planta_cultura, cod, denumire, descriere, cod_rand, is_formula, tip_formula_relatie, is_suprafata, is_prod_medie, is_prod_total, data_start, data_stop, base_id, last_modified_date)
values (187, 182, 50, 5, null, '187', ' - castraveți', null, 6, 0, 1, 1, 1, 1, to_date('23-10-2015', 'dd-mm-yyyy'), null, 187, to_timestamp('19-11-2015 11:19:39.000000', 'dd-mm-yyyy hh24:mi:ss.ff'));
insert into CAP_CULTURA_PROD (id_cap_cultura_prod, fk_cap_cultura_prod, fk_nom_capitol, fk_nom_unitate_masura, fk_nom_planta_cultura, cod, denumire, descriere, cod_rand, is_formula, tip_formula_relatie, is_suprafata, is_prod_medie, is_prod_total, data_start, data_stop, base_id, last_modified_date)
values (188, 182, 50, 5, null, '188', ' - fasole verde', null, 7, 0, 1, 1, 1, 1, to_date('23-10-2015', 'dd-mm-yyyy'), null, 188, to_timestamp('19-11-2015 11:19:39.000000', 'dd-mm-yyyy hh24:mi:ss.ff'));
insert into CAP_CULTURA_PROD (id_cap_cultura_prod, fk_cap_cultura_prod, fk_nom_capitol, fk_nom_unitate_masura, fk_nom_planta_cultura, cod, denumire, descriere, cod_rand, is_formula, tip_formula_relatie, is_suprafata, is_prod_medie, is_prod_total, data_start, data_stop, base_id, last_modified_date)
values (189, 182, 50, 5, null, '189', ' - alte plante anuale pentru fân și masă verde', null, 8, 0, 1, 1, 1, 1, to_date('23-10-2015', 'dd-mm-yyyy'), null, 189, to_timestamp('19-11-2015 11:19:39.000000', 'dd-mm-yyyy hh24:mi:ss.ff'));
insert into CAP_CULTURA_PROD (id_cap_cultura_prod, fk_cap_cultura_prod, fk_nom_capitol, fk_nom_unitate_masura, fk_nom_planta_cultura, cod, denumire, descriere, cod_rand, is_formula, tip_formula_relatie, is_suprafata, is_prod_medie, is_prod_total, data_start, data_stop, base_id, last_modified_date)
values (190, 182, 50, 5, null, '190', ' - alte culturi succesive', null, 9, 0, 1, 1, 1, 1, to_date('23-10-2015', 'dd-mm-yyyy'), null, 190, to_timestamp('19-11-2015 11:19:39.000000', 'dd-mm-yyyy hh24:mi:ss.ff'));
insert into CAP_CULTURA_PROD (id_cap_cultura_prod, fk_cap_cultura_prod, fk_nom_capitol, fk_nom_unitate_masura, fk_nom_planta_cultura, cod, denumire, descriere, cod_rand, is_formula, tip_formula_relatie, is_suprafata, is_prod_medie, is_prod_total, data_start, data_stop, base_id, last_modified_date)
values (191, null, 50, 5, null, '191', 'Culturi intercalate – total Cod (11+12+16+...+22)', null, 10, 1, 0, 1, 0, 1, to_date('23-10-2015', 'dd-mm-yyyy'), null, 191, to_timestamp('28-01-2016 20:55:53.000000', 'dd-mm-yyyy hh24:mi:ss.ff'));
insert into CAP_CULTURA_PROD (id_cap_cultura_prod, fk_cap_cultura_prod, fk_nom_capitol, fk_nom_unitate_masura, fk_nom_planta_cultura, cod, denumire, descriere, cod_rand, is_formula, tip_formula_relatie, is_suprafata, is_prod_medie, is_prod_total, data_start, data_stop, base_id, last_modified_date)
values (192, 191, 50, 5, null, '192', 'Fasole boabe', null, 11, 0, 1, 1, 1, 1, to_date('23-10-2015', 'dd-mm-yyyy'), null, 192, to_timestamp('19-11-2015 11:19:39.000000', 'dd-mm-yyyy hh24:mi:ss.ff'));
insert into CAP_CULTURA_PROD (id_cap_cultura_prod, fk_cap_cultura_prod, fk_nom_capitol, fk_nom_unitate_masura, fk_nom_planta_cultura, cod, denumire, descriere, cod_rand, is_formula, tip_formula_relatie, is_suprafata, is_prod_medie, is_prod_total, data_start, data_stop, base_id, last_modified_date)
values (193, 191, 50, 5, null, '193', 'Cartofi total cod (13+14+15)', null, 12, 1, 1, 1, 0, 1, to_date('23-10-2015', 'dd-mm-yyyy'), null, 193, to_timestamp('28-01-2016 21:09:26.000000', 'dd-mm-yyyy hh24:mi:ss.ff'));
insert into CAP_CULTURA_PROD (id_cap_cultura_prod, fk_cap_cultura_prod, fk_nom_capitol, fk_nom_unitate_masura, fk_nom_planta_cultura, cod, denumire, descriere, cod_rand, is_formula, tip_formula_relatie, is_suprafata, is_prod_medie, is_prod_total, data_start, data_stop, base_id, last_modified_date)
values (194, 193, 50, 5, null, '194', 'a) - timpurii și semitimpurii', null, 13, 0, 1, 1, 1, 1, to_date('23-10-2015', 'dd-mm-yyyy'), null, 194, to_timestamp('19-11-2015 11:19:39.000000', 'dd-mm-yyyy hh24:mi:ss.ff'));
insert into CAP_CULTURA_PROD (id_cap_cultura_prod, fk_cap_cultura_prod, fk_nom_capitol, fk_nom_unitate_masura, fk_nom_planta_cultura, cod, denumire, descriere, cod_rand, is_formula, tip_formula_relatie, is_suprafata, is_prod_medie, is_prod_total, data_start, data_stop, base_id, last_modified_date)
values (195, 193, 50, 5, null, '195', 'b) - de vară', null, 14, 0, 1, 1, 1, 1, to_date('23-10-2015', 'dd-mm-yyyy'), null, 195, to_timestamp('19-11-2015 11:19:39.000000', 'dd-mm-yyyy hh24:mi:ss.ff'));
insert into CAP_CULTURA_PROD (id_cap_cultura_prod, fk_cap_cultura_prod, fk_nom_capitol, fk_nom_unitate_masura, fk_nom_planta_cultura, cod, denumire, descriere, cod_rand, is_formula, tip_formula_relatie, is_suprafata, is_prod_medie, is_prod_total, data_start, data_stop, base_id, last_modified_date)
values (196, 193, 50, 5, null, '196', 'c) - de toamnă', null, 15, 0, 1, 1, 1, 1, to_date('23-10-2015', 'dd-mm-yyyy'), null, 196, to_timestamp('19-11-2015 11:19:39.000000', 'dd-mm-yyyy hh24:mi:ss.ff'));
insert into CAP_CULTURA_PROD (id_cap_cultura_prod, fk_cap_cultura_prod, fk_nom_capitol, fk_nom_unitate_masura, fk_nom_planta_cultura, cod, denumire, descriere, cod_rand, is_formula, tip_formula_relatie, is_suprafata, is_prod_medie, is_prod_total, data_start, data_stop, base_id, last_modified_date)
values (197, 191, 50, 5, null, '197', 'Căpșuni', null, 16, 0, 1, 1, 1, 1, to_date('23-10-2015', 'dd-mm-yyyy'), null, 197, to_timestamp('19-11-2015 11:19:39.000000', 'dd-mm-yyyy hh24:mi:ss.ff'));
insert into CAP_CULTURA_PROD (id_cap_cultura_prod, fk_cap_cultura_prod, fk_nom_capitol, fk_nom_unitate_masura, fk_nom_planta_cultura, cod, denumire, descriere, cod_rand, is_formula, tip_formula_relatie, is_suprafata, is_prod_medie, is_prod_total, data_start, data_stop, base_id, last_modified_date)
values (198, 191, 50, 5, null, '198', 'Pepeni verzi', null, 17, 0, 1, 1, 1, 1, to_date('23-10-2015', 'dd-mm-yyyy'), null, 198, to_timestamp('19-11-2015 11:19:39.000000', 'dd-mm-yyyy hh24:mi:ss.ff'));
insert into CAP_CULTURA_PROD (id_cap_cultura_prod, fk_cap_cultura_prod, fk_nom_capitol, fk_nom_unitate_masura, fk_nom_planta_cultura, cod, denumire, descriere, cod_rand, is_formula, tip_formula_relatie, is_suprafata, is_prod_medie, is_prod_total, data_start, data_stop, base_id, last_modified_date)
values (199, 191, 50, 5, null, '199', 'Pepeni galbeni', null, 18, 0, 1, 1, 1, 1, to_date('23-10-2015', 'dd-mm-yyyy'), null, 199, to_timestamp('19-11-2015 11:19:39.000000', 'dd-mm-yyyy hh24:mi:ss.ff'));
insert into CAP_CULTURA_PROD (id_cap_cultura_prod, fk_cap_cultura_prod, fk_nom_capitol, fk_nom_unitate_masura, fk_nom_planta_cultura, cod, denumire, descriere, cod_rand, is_formula, tip_formula_relatie, is_suprafata, is_prod_medie, is_prod_total, data_start, data_stop, base_id, last_modified_date)
values (200, 191, 50, 5, null, '200', 'Dovleci furajeri', null, 19, 0, 1, 1, 1, 1, to_date('23-10-2015', 'dd-mm-yyyy'), null, 200, to_timestamp('19-11-2015 11:19:39.000000', 'dd-mm-yyyy hh24:mi:ss.ff'));
insert into CAP_CULTURA_PROD (id_cap_cultura_prod, fk_cap_cultura_prod, fk_nom_capitol, fk_nom_unitate_masura, fk_nom_planta_cultura, cod, denumire, descriere, cod_rand, is_formula, tip_formula_relatie, is_suprafata, is_prod_medie, is_prod_total, data_start, data_stop, base_id, last_modified_date)
values (201, 191, 50, 5, null, '201', 'Lucernă', null, 20, 0, 1, 1, 1, 1, to_date('23-10-2015', 'dd-mm-yyyy'), null, 201, to_timestamp('19-11-2015 11:19:39.000000', 'dd-mm-yyyy hh24:mi:ss.ff'));
insert into CAP_CULTURA_PROD (id_cap_cultura_prod, fk_cap_cultura_prod, fk_nom_capitol, fk_nom_unitate_masura, fk_nom_planta_cultura, cod, denumire, descriere, cod_rand, is_formula, tip_formula_relatie, is_suprafata, is_prod_medie, is_prod_total, data_start, data_stop, base_id, last_modified_date)
values (202, 191, 50, 5, null, '202', 'Trifoi', null, 21, 0, 1, 1, 1, 1, to_date('23-10-2015', 'dd-mm-yyyy'), null, 202, to_timestamp('19-11-2015 11:19:39.000000', 'dd-mm-yyyy hh24:mi:ss.ff'));
insert into CAP_CULTURA_PROD (id_cap_cultura_prod, fk_cap_cultura_prod, fk_nom_capitol, fk_nom_unitate_masura, fk_nom_planta_cultura, cod, denumire, descriere, cod_rand, is_formula, tip_formula_relatie, is_suprafata, is_prod_medie, is_prod_total, data_start, data_stop, base_id, last_modified_date)
values (203, 191, 50, 5, null, '203', 'Alte culturi intercalate', null, 22, 0, 1, 1, 1, 1, to_date('23-10-2015', 'dd-mm-yyyy'), null, 203, to_timestamp('19-11-2015 11:19:39.000000', 'dd-mm-yyyy hh24:mi:ss.ff'));
insert into CAP_CULTURA_PROD (id_cap_cultura_prod, fk_cap_cultura_prod, fk_nom_capitol, fk_nom_unitate_masura, fk_nom_planta_cultura, cod, denumire, descriere, cod_rand, is_formula, tip_formula_relatie, is_suprafata, is_prod_medie, is_prod_total, data_start, data_stop, base_id, last_modified_date)
values (204, null, 50, 5, null, '204', 'Culturi modificate genetic cod (24+25)', null, 23, 1, 0, 1, 0, 1, to_date('23-10-2015', 'dd-mm-yyyy'), null, 204, to_timestamp('28-01-2016 20:56:07.000000', 'dd-mm-yyyy hh24:mi:ss.ff'));
insert into CAP_CULTURA_PROD (id_cap_cultura_prod, fk_cap_cultura_prod, fk_nom_capitol, fk_nom_unitate_masura, fk_nom_planta_cultura, cod, denumire, descriere, cod_rand, is_formula, tip_formula_relatie, is_suprafata, is_prod_medie, is_prod_total, data_start, data_stop, base_id, last_modified_date)
values (205, 204, 50, 5, null, '205', 'Porumb', null, 24, 0, 1, 1, 1, 1, to_date('23-10-2015', 'dd-mm-yyyy'), null, 205, to_timestamp('19-11-2015 11:19:39.000000', 'dd-mm-yyyy hh24:mi:ss.ff'));
insert into CAP_CULTURA_PROD (id_cap_cultura_prod, fk_cap_cultura_prod, fk_nom_capitol, fk_nom_unitate_masura, fk_nom_planta_cultura, cod, denumire, descriere, cod_rand, is_formula, tip_formula_relatie, is_suprafata, is_prod_medie, is_prod_total, data_start, data_stop, base_id, last_modified_date)
values (206, 204, 50, 5, null, '206', 'Alte culturi modificate genetic', null, 25, 0, 1, 1, 1, 1, to_date('23-10-2015', 'dd-mm-yyyy'), null, 206, to_timestamp('19-11-2015 11:19:39.000000', 'dd-mm-yyyy hh24:mi:ss.ff'));
insert into CAP_CULTURA_PROD (id_cap_cultura_prod, fk_cap_cultura_prod, fk_nom_capitol, fk_nom_unitate_masura, fk_nom_planta_cultura, cod, denumire, descriere, cod_rand, is_formula, tip_formula_relatie, is_suprafata, is_prod_medie, is_prod_total, data_start, data_stop, base_id, last_modified_date)
values (255, null, 53, 5, null, '255', 'Legume în grădini familiale – total (exclusiv sămânță) cod (02+03+...+06+08+...+23)', null, 1, 1, 0, 1, 0, 1, to_date('23-10-2015', 'dd-mm-yyyy'), null, 255, to_timestamp('28-01-2016 20:58:43.000000', 'dd-mm-yyyy hh24:mi:ss.ff'));
insert into CAP_CULTURA_PROD (id_cap_cultura_prod, fk_cap_cultura_prod, fk_nom_capitol, fk_nom_unitate_masura, fk_nom_planta_cultura, cod, denumire, descriere, cod_rand, is_formula, tip_formula_relatie, is_suprafata, is_prod_medie, is_prod_total, data_start, data_stop, base_id, last_modified_date)
values (256, 255, 53, 5, null, '256', 'Varză albă', null, 2, 0, 1, 1, 1, 1, to_date('23-10-2015', 'dd-mm-yyyy'), null, 256, to_timestamp('19-11-2015 11:19:39.000000', 'dd-mm-yyyy hh24:mi:ss.ff'));
insert into CAP_CULTURA_PROD (id_cap_cultura_prod, fk_cap_cultura_prod, fk_nom_capitol, fk_nom_unitate_masura, fk_nom_planta_cultura, cod, denumire, descriere, cod_rand, is_formula, tip_formula_relatie, is_suprafata, is_prod_medie, is_prod_total, data_start, data_stop, base_id, last_modified_date)
values (257, 255, 53, 5, null, '257', 'Salată verde', null, 3, 0, 1, 1, 1, 1, to_date('23-10-2015', 'dd-mm-yyyy'), null, 257, to_timestamp('19-11-2015 11:19:39.000000', 'dd-mm-yyyy hh24:mi:ss.ff'));
insert into CAP_CULTURA_PROD (id_cap_cultura_prod, fk_cap_cultura_prod, fk_nom_capitol, fk_nom_unitate_masura, fk_nom_planta_cultura, cod, denumire, descriere, cod_rand, is_formula, tip_formula_relatie, is_suprafata, is_prod_medie, is_prod_total, data_start, data_stop, base_id, last_modified_date)
values (258, 255, 53, 5, null, '258', 'Spanac', null, 4, 0, 1, 1, 1, 1, to_date('23-10-2015', 'dd-mm-yyyy'), null, 258, to_timestamp('19-11-2015 11:19:39.000000', 'dd-mm-yyyy hh24:mi:ss.ff'));
insert into CAP_CULTURA_PROD (id_cap_cultura_prod, fk_cap_cultura_prod, fk_nom_capitol, fk_nom_unitate_masura, fk_nom_planta_cultura, cod, denumire, descriere, cod_rand, is_formula, tip_formula_relatie, is_suprafata, is_prod_medie, is_prod_total, data_start, data_stop, base_id, last_modified_date)
values (259, 255, 53, 5, null, '259', 'Tomate', null, 5, 0, 1, 1, 1, 1, to_date('23-10-2015', 'dd-mm-yyyy'), null, 259, to_timestamp('19-11-2015 11:19:39.000000', 'dd-mm-yyyy hh24:mi:ss.ff'));
insert into CAP_CULTURA_PROD (id_cap_cultura_prod, fk_cap_cultura_prod, fk_nom_capitol, fk_nom_unitate_masura, fk_nom_planta_cultura, cod, denumire, descriere, cod_rand, is_formula, tip_formula_relatie, is_suprafata, is_prod_medie, is_prod_total, data_start, data_stop, base_id, last_modified_date)
values (260, 255, 53, 5, null, '260', 'Castraveți', null, 6, 0, 1, 1, 1, 1, to_date('23-10-2015', 'dd-mm-yyyy'), null, 260, to_timestamp('19-11-2015 11:19:39.000000', 'dd-mm-yyyy hh24:mi:ss.ff'));
insert into CAP_CULTURA_PROD (id_cap_cultura_prod, fk_cap_cultura_prod, fk_nom_capitol, fk_nom_unitate_masura, fk_nom_planta_cultura, cod, denumire, descriere, cod_rand, is_formula, tip_formula_relatie, is_suprafata, is_prod_medie, is_prod_total, data_start, data_stop, base_id, last_modified_date)
values (261, 260, 53, 5, null, '261', 'din care: cornișon', null, 7, 0, 0, 1, 1, 1, to_date('23-10-2015', 'dd-mm-yyyy'), null, 261, to_timestamp('19-11-2015 11:19:39.000000', 'dd-mm-yyyy hh24:mi:ss.ff'));
insert into CAP_CULTURA_PROD (id_cap_cultura_prod, fk_cap_cultura_prod, fk_nom_capitol, fk_nom_unitate_masura, fk_nom_planta_cultura, cod, denumire, descriere, cod_rand, is_formula, tip_formula_relatie, is_suprafata, is_prod_medie, is_prod_total, data_start, data_stop, base_id, last_modified_date)
values (262, 255, 53, 5, null, '262', 'Ardei', null, 8, 0, 1, 1, 1, 1, to_date('23-10-2015', 'dd-mm-yyyy'), null, 262, to_timestamp('19-11-2015 11:19:39.000000', 'dd-mm-yyyy hh24:mi:ss.ff'));
insert into CAP_CULTURA_PROD (id_cap_cultura_prod, fk_cap_cultura_prod, fk_nom_capitol, fk_nom_unitate_masura, fk_nom_planta_cultura, cod, denumire, descriere, cod_rand, is_formula, tip_formula_relatie, is_suprafata, is_prod_medie, is_prod_total, data_start, data_stop, base_id, last_modified_date)
values (263, 255, 53, 5, null, '263', 'Vinete', null, 9, 0, 1, 1, 1, 1, to_date('23-10-2015', 'dd-mm-yyyy'), null, 263, to_timestamp('19-11-2015 11:19:39.000000', 'dd-mm-yyyy hh24:mi:ss.ff'));
insert into CAP_CULTURA_PROD (id_cap_cultura_prod, fk_cap_cultura_prod, fk_nom_capitol, fk_nom_unitate_masura, fk_nom_planta_cultura, cod, denumire, descriere, cod_rand, is_formula, tip_formula_relatie, is_suprafata, is_prod_medie, is_prod_total, data_start, data_stop, base_id, last_modified_date)
values (264, 255, 53, 5, null, '264', 'Dovleci', null, 10, 0, 1, 1, 1, 1, to_date('23-10-2015', 'dd-mm-yyyy'), null, 264, to_timestamp('19-11-2015 11:19:39.000000', 'dd-mm-yyyy hh24:mi:ss.ff'));
insert into CAP_CULTURA_PROD (id_cap_cultura_prod, fk_cap_cultura_prod, fk_nom_capitol, fk_nom_unitate_masura, fk_nom_planta_cultura, cod, denumire, descriere, cod_rand, is_formula, tip_formula_relatie, is_suprafata, is_prod_medie, is_prod_total, data_start, data_stop, base_id, last_modified_date)
values (265, 255, 53, 5, null, '265', 'Dovlecei', null, 11, 0, 1, 1, 1, 1, to_date('23-10-2015', 'dd-mm-yyyy'), null, 265, to_timestamp('19-11-2015 11:19:39.000000', 'dd-mm-yyyy hh24:mi:ss.ff'));
insert into CAP_CULTURA_PROD (id_cap_cultura_prod, fk_cap_cultura_prod, fk_nom_capitol, fk_nom_unitate_masura, fk_nom_planta_cultura, cod, denumire, descriere, cod_rand, is_formula, tip_formula_relatie, is_suprafata, is_prod_medie, is_prod_total, data_start, data_stop, base_id, last_modified_date)
values (266, 255, 53, 5, null, '266', 'Morcovi', null, 12, 0, 1, 1, 1, 1, to_date('23-10-2015', 'dd-mm-yyyy'), null, 266, to_timestamp('19-11-2015 11:19:39.000000', 'dd-mm-yyyy hh24:mi:ss.ff'));
insert into CAP_CULTURA_PROD (id_cap_cultura_prod, fk_cap_cultura_prod, fk_nom_capitol, fk_nom_unitate_masura, fk_nom_planta_cultura, cod, denumire, descriere, cod_rand, is_formula, tip_formula_relatie, is_suprafata, is_prod_medie, is_prod_total, data_start, data_stop, base_id, last_modified_date)
values (267, 255, 53, 5, null, '267', 'Țelină (rădăcină)', null, 13, 0, 1, 1, 1, 1, to_date('23-10-2015', 'dd-mm-yyyy'), null, 267, to_timestamp('19-11-2015 11:19:39.000000', 'dd-mm-yyyy hh24:mi:ss.ff'));
insert into CAP_CULTURA_PROD (id_cap_cultura_prod, fk_cap_cultura_prod, fk_nom_capitol, fk_nom_unitate_masura, fk_nom_planta_cultura, cod, denumire, descriere, cod_rand, is_formula, tip_formula_relatie, is_suprafata, is_prod_medie, is_prod_total, data_start, data_stop, base_id, last_modified_date)
values (268, 255, 53, 5, null, '268', 'Usturoi', null, 14, 0, 1, 1, 1, 1, to_date('23-10-2015', 'dd-mm-yyyy'), null, 268, to_timestamp('19-11-2015 11:19:39.000000', 'dd-mm-yyyy hh24:mi:ss.ff'));
insert into CAP_CULTURA_PROD (id_cap_cultura_prod, fk_cap_cultura_prod, fk_nom_capitol, fk_nom_unitate_masura, fk_nom_planta_cultura, cod, denumire, descriere, cod_rand, is_formula, tip_formula_relatie, is_suprafata, is_prod_medie, is_prod_total, data_start, data_stop, base_id, last_modified_date)
values (269, 255, 53, 5, null, '269', 'Ceapă', null, 15, 0, 1, 1, 1, 1, to_date('23-10-2015', 'dd-mm-yyyy'), null, 269, to_timestamp('19-11-2015 11:19:39.000000', 'dd-mm-yyyy hh24:mi:ss.ff'));
insert into CAP_CULTURA_PROD (id_cap_cultura_prod, fk_cap_cultura_prod, fk_nom_capitol, fk_nom_unitate_masura, fk_nom_planta_cultura, cod, denumire, descriere, cod_rand, is_formula, tip_formula_relatie, is_suprafata, is_prod_medie, is_prod_total, data_start, data_stop, base_id, last_modified_date)
values (270, 255, 53, 5, null, '270', 'Sfeclă roșie', null, 16, 0, 1, 1, 1, 1, to_date('23-10-2015', 'dd-mm-yyyy'), null, 270, to_timestamp('19-11-2015 11:19:39.000000', 'dd-mm-yyyy hh24:mi:ss.ff'));
insert into CAP_CULTURA_PROD (id_cap_cultura_prod, fk_cap_cultura_prod, fk_nom_capitol, fk_nom_unitate_masura, fk_nom_planta_cultura, cod, denumire, descriere, cod_rand, is_formula, tip_formula_relatie, is_suprafata, is_prod_medie, is_prod_total, data_start, data_stop, base_id, last_modified_date)
values (271, 255, 53, 5, null, '271', 'Ridichi de lună', null, 17, 0, 1, 1, 1, 1, to_date('23-10-2015', 'dd-mm-yyyy'), null, 271, to_timestamp('28-01-2016 20:57:39.000000', 'dd-mm-yyyy hh24:mi:ss.ff'));
insert into CAP_CULTURA_PROD (id_cap_cultura_prod, fk_cap_cultura_prod, fk_nom_capitol, fk_nom_unitate_masura, fk_nom_planta_cultura, cod, denumire, descriere, cod_rand, is_formula, tip_formula_relatie, is_suprafata, is_prod_medie, is_prod_total, data_start, data_stop, base_id, last_modified_date)
values (272, 255, 53, 5, null, '272', 'Alte legume rădăcinoase (hrean, ridichi negre, pătrunjel, păstârnac etc.)', null, 18, 0, 1, 1, 0, 1, to_date('23-10-2015', 'dd-mm-yyyy'), null, 272, to_timestamp('28-01-2016 20:59:06.000000', 'dd-mm-yyyy hh24:mi:ss.ff'));
insert into CAP_CULTURA_PROD (id_cap_cultura_prod, fk_cap_cultura_prod, fk_nom_capitol, fk_nom_unitate_masura, fk_nom_planta_cultura, cod, denumire, descriere, cod_rand, is_formula, tip_formula_relatie, is_suprafata, is_prod_medie, is_prod_total, data_start, data_stop, base_id, last_modified_date)
values (273, 255, 53, 5, null, '273', 'Legume pentru frunze (pătrunjel, mărar, leuștean etc.)', null, 19, 0, 1, 1, 0, 1, to_date('23-10-2015', 'dd-mm-yyyy'), null, 273, to_timestamp('28-01-2016 20:59:07.000000', 'dd-mm-yyyy hh24:mi:ss.ff'));
insert into CAP_CULTURA_PROD (id_cap_cultura_prod, fk_cap_cultura_prod, fk_nom_capitol, fk_nom_unitate_masura, fk_nom_planta_cultura, cod, denumire, descriere, cod_rand, is_formula, tip_formula_relatie, is_suprafata, is_prod_medie, is_prod_total, data_start, data_stop, base_id, last_modified_date)
values (274, 255, 53, 5, null, '274', 'Mazăre păstăi', null, 20, 0, 1, 1, 1, 1, to_date('23-10-2015', 'dd-mm-yyyy'), null, 274, to_timestamp('19-11-2015 11:19:39.000000', 'dd-mm-yyyy hh24:mi:ss.ff'));
insert into CAP_CULTURA_PROD (id_cap_cultura_prod, fk_cap_cultura_prod, fk_nom_capitol, fk_nom_unitate_masura, fk_nom_planta_cultura, cod, denumire, descriere, cod_rand, is_formula, tip_formula_relatie, is_suprafata, is_prod_medie, is_prod_total, data_start, data_stop, base_id, last_modified_date)
values (275, 255, 53, 5, null, '275', 'Fasole păstăi', null, 21, 0, 1, 1, 1, 1, to_date('23-10-2015', 'dd-mm-yyyy'), null, 275, to_timestamp('19-11-2015 11:19:39.000000', 'dd-mm-yyyy hh24:mi:ss.ff'));
insert into CAP_CULTURA_PROD (id_cap_cultura_prod, fk_cap_cultura_prod, fk_nom_capitol, fk_nom_unitate_masura, fk_nom_planta_cultura, cod, denumire, descriere, cod_rand, is_formula, tip_formula_relatie, is_suprafata, is_prod_medie, is_prod_total, data_start, data_stop, base_id, last_modified_date)
values (276, 255, 53, 5, null, '276', 'Porumb zaharat', null, 22, 0, 1, 1, 1, 1, to_date('23-10-2015', 'dd-mm-yyyy'), null, 276, to_timestamp('19-11-2015 11:19:39.000000', 'dd-mm-yyyy hh24:mi:ss.ff'));
insert into CAP_CULTURA_PROD (id_cap_cultura_prod, fk_cap_cultura_prod, fk_nom_capitol, fk_nom_unitate_masura, fk_nom_planta_cultura, cod, denumire, descriere, cod_rand, is_formula, tip_formula_relatie, is_suprafata, is_prod_medie, is_prod_total, data_start, data_stop, base_id, last_modified_date)
values (277, 255, 53, 5, null, '277', 'Alte legume', null, 23, 0, 1, 1, 1, 1, to_date('23-10-2015', 'dd-mm-yyyy'), null, 277, to_timestamp('19-11-2015 11:19:39.000000', 'dd-mm-yyyy hh24:mi:ss.ff'));
insert into CAP_CULTURA_PROD (id_cap_cultura_prod, fk_cap_cultura_prod, fk_nom_capitol, fk_nom_unitate_masura, fk_nom_planta_cultura, cod, denumire, descriere, cod_rand, is_formula, tip_formula_relatie, is_suprafata, is_prod_medie, is_prod_total, data_start, data_stop, base_id, last_modified_date)
values (278, null, 53, 5, null, '278', 'Cartofi total cod (25+26+27)', null, 24, 1, 0, 1, 1, 1, to_date('23-10-2015', 'dd-mm-yyyy'), null, 278, to_timestamp('19-11-2015 11:19:39.000000', 'dd-mm-yyyy hh24:mi:ss.ff'));
insert into CAP_CULTURA_PROD (id_cap_cultura_prod, fk_cap_cultura_prod, fk_nom_capitol, fk_nom_unitate_masura, fk_nom_planta_cultura, cod, denumire, descriere, cod_rand, is_formula, tip_formula_relatie, is_suprafata, is_prod_medie, is_prod_total, data_start, data_stop, base_id, last_modified_date)
values (279, 278, 53, 5, null, '279', 'a) - timpurii și semitimpurii', null, 25, 0, 1, 1, 1, 1, to_date('23-10-2015', 'dd-mm-yyyy'), null, 279, to_timestamp('19-11-2015 11:19:39.000000', 'dd-mm-yyyy hh24:mi:ss.ff'));
insert into CAP_CULTURA_PROD (id_cap_cultura_prod, fk_cap_cultura_prod, fk_nom_capitol, fk_nom_unitate_masura, fk_nom_planta_cultura, cod, denumire, descriere, cod_rand, is_formula, tip_formula_relatie, is_suprafata, is_prod_medie, is_prod_total, data_start, data_stop, base_id, last_modified_date)
values (280, 278, 53, 5, null, '280', 'b) - de vară', null, 26, 0, 1, 1, 1, 1, to_date('23-10-2015', 'dd-mm-yyyy'), null, 280, to_timestamp('19-11-2015 11:19:39.000000', 'dd-mm-yyyy hh24:mi:ss.ff'));
insert into CAP_CULTURA_PROD (id_cap_cultura_prod, fk_cap_cultura_prod, fk_nom_capitol, fk_nom_unitate_masura, fk_nom_planta_cultura, cod, denumire, descriere, cod_rand, is_formula, tip_formula_relatie, is_suprafata, is_prod_medie, is_prod_total, data_start, data_stop, base_id, last_modified_date)
values (281, 278, 53, 5, null, '281', 'c) - de toamnă', null, 27, 0, 1, 1, 1, 1, to_date('23-10-2015', 'dd-mm-yyyy'), null, 281, to_timestamp('19-11-2015 11:19:39.000000', 'dd-mm-yyyy hh24:mi:ss.ff'));
insert into CAP_CULTURA_PROD (id_cap_cultura_prod, fk_cap_cultura_prod, fk_nom_capitol, fk_nom_unitate_masura, fk_nom_planta_cultura, cod, denumire, descriere, cod_rand, is_formula, tip_formula_relatie, is_suprafata, is_prod_medie, is_prod_total, data_start, data_stop, base_id, last_modified_date)
values (301, null, 51, 1, null, '1', 'Legume în sere și/sau solarii – total exclusiv sămânță cod (02+03+...+09+11+...+16)', null, 1, 0, 1, 0, 0, 0, to_date('20-09-2015 03:00:00', 'dd-mm-yyyy hh24:mi:ss'), null, 301, to_timestamp('18-02-2016 14:56:02.000000', 'dd-mm-yyyy hh24:mi:ss.ff'));
insert into CAP_CULTURA_PROD (id_cap_cultura_prod, fk_cap_cultura_prod, fk_nom_capitol, fk_nom_unitate_masura, fk_nom_planta_cultura, cod, denumire, descriere, cod_rand, is_formula, tip_formula_relatie, is_suprafata, is_prod_medie, is_prod_total, data_start, data_stop, base_id, last_modified_date)
values (302, 301, 51, 1, null, '2', 'Varză albă', null, 2, 0, 1, 1, 1, 1, to_date('21-09-2015', 'dd-mm-yyyy'), null, 302, to_timestamp('19-11-2015 11:19:39.000000', 'dd-mm-yyyy hh24:mi:ss.ff'));
insert into CAP_CULTURA_PROD (id_cap_cultura_prod, fk_cap_cultura_prod, fk_nom_capitol, fk_nom_unitate_masura, fk_nom_planta_cultura, cod, denumire, descriere, cod_rand, is_formula, tip_formula_relatie, is_suprafata, is_prod_medie, is_prod_total, data_start, data_stop, base_id, last_modified_date)
values (303, 301, 51, 1, null, '3', 'Varză roșie', null, 3, 0, 1, 1, 1, 1, to_date('21-09-2015', 'dd-mm-yyyy'), null, 303, to_timestamp('19-11-2015 11:19:39.000000', 'dd-mm-yyyy hh24:mi:ss.ff'));
insert into CAP_CULTURA_PROD (id_cap_cultura_prod, fk_cap_cultura_prod, fk_nom_capitol, fk_nom_unitate_masura, fk_nom_planta_cultura, cod, denumire, descriere, cod_rand, is_formula, tip_formula_relatie, is_suprafata, is_prod_medie, is_prod_total, data_start, data_stop, base_id, last_modified_date)
values (304, 301, 51, 1, null, '4', 'Gulii și gulioare', null, 4, 0, 1, 1, 1, 1, to_date('21-09-2015', 'dd-mm-yyyy'), null, 304, to_timestamp('19-11-2015 11:19:39.000000', 'dd-mm-yyyy hh24:mi:ss.ff'));
insert into CAP_CULTURA_PROD (id_cap_cultura_prod, fk_cap_cultura_prod, fk_nom_capitol, fk_nom_unitate_masura, fk_nom_planta_cultura, cod, denumire, descriere, cod_rand, is_formula, tip_formula_relatie, is_suprafata, is_prod_medie, is_prod_total, data_start, data_stop, base_id, last_modified_date)
values (305, 301, 51, 1, null, '5', 'Alte vărzoase', null, 5, 0, 1, 1, 1, 1, to_date('21-09-2015', 'dd-mm-yyyy'), null, 305, to_timestamp('19-11-2015 11:19:39.000000', 'dd-mm-yyyy hh24:mi:ss.ff'));
insert into CAP_CULTURA_PROD (id_cap_cultura_prod, fk_cap_cultura_prod, fk_nom_capitol, fk_nom_unitate_masura, fk_nom_planta_cultura, cod, denumire, descriere, cod_rand, is_formula, tip_formula_relatie, is_suprafata, is_prod_medie, is_prod_total, data_start, data_stop, base_id, last_modified_date)
values (306, 301, 51, 1, null, '6', 'Salatăverde', null, 6, 0, 1, 1, 1, 1, to_date('21-09-2015', 'dd-mm-yyyy'), null, 306, to_timestamp('19-11-2015 11:19:39.000000', 'dd-mm-yyyy hh24:mi:ss.ff'));
insert into CAP_CULTURA_PROD (id_cap_cultura_prod, fk_cap_cultura_prod, fk_nom_capitol, fk_nom_unitate_masura, fk_nom_planta_cultura, cod, denumire, descriere, cod_rand, is_formula, tip_formula_relatie, is_suprafata, is_prod_medie, is_prod_total, data_start, data_stop, base_id, last_modified_date)
values (307, 301, 51, 1, null, '7', 'Spanac', null, 7, 0, 1, 1, 1, 1, to_date('21-09-2015', 'dd-mm-yyyy'), null, 307, to_timestamp('19-11-2015 11:19:39.000000', 'dd-mm-yyyy hh24:mi:ss.ff'));
insert into CAP_CULTURA_PROD (id_cap_cultura_prod, fk_cap_cultura_prod, fk_nom_capitol, fk_nom_unitate_masura, fk_nom_planta_cultura, cod, denumire, descriere, cod_rand, is_formula, tip_formula_relatie, is_suprafata, is_prod_medie, is_prod_total, data_start, data_stop, base_id, last_modified_date)
values (308, 301, 51, 1, null, '8', 'Tomate', null, 8, 0, 1, 1, 1, 1, to_date('21-09-2015', 'dd-mm-yyyy'), null, 308, to_timestamp('19-11-2015 11:19:39.000000', 'dd-mm-yyyy hh24:mi:ss.ff'));
insert into CAP_CULTURA_PROD (id_cap_cultura_prod, fk_cap_cultura_prod, fk_nom_capitol, fk_nom_unitate_masura, fk_nom_planta_cultura, cod, denumire, descriere, cod_rand, is_formula, tip_formula_relatie, is_suprafata, is_prod_medie, is_prod_total, data_start, data_stop, base_id, last_modified_date)
values (309, 301, 51, 1, null, '9', 'Castraveți', null, 9, 0, 1, 1, 1, 1, to_date('21-09-2015', 'dd-mm-yyyy'), null, 309, to_timestamp('19-11-2015 11:19:39.000000', 'dd-mm-yyyy hh24:mi:ss.ff'));
insert into CAP_CULTURA_PROD (id_cap_cultura_prod, fk_cap_cultura_prod, fk_nom_capitol, fk_nom_unitate_masura, fk_nom_planta_cultura, cod, denumire, descriere, cod_rand, is_formula, tip_formula_relatie, is_suprafata, is_prod_medie, is_prod_total, data_start, data_stop, base_id, last_modified_date)
values (310, 309, 51, 1, null, '10', 'din care: cornișon', null, 10, 0, 0, 1, 1, 1, to_date('21-09-2015', 'dd-mm-yyyy'), null, 310, to_timestamp('19-11-2015 11:19:39.000000', 'dd-mm-yyyy hh24:mi:ss.ff'));
insert into CAP_CULTURA_PROD (id_cap_cultura_prod, fk_cap_cultura_prod, fk_nom_capitol, fk_nom_unitate_masura, fk_nom_planta_cultura, cod, denumire, descriere, cod_rand, is_formula, tip_formula_relatie, is_suprafata, is_prod_medie, is_prod_total, data_start, data_stop, base_id, last_modified_date)
values (311, 301, 51, 1, null, '11', 'Ardei', null, 11, 0, 1, 1, 1, 1, to_date('21-09-2015', 'dd-mm-yyyy'), null, 311, to_timestamp('19-11-2015 11:19:39.000000', 'dd-mm-yyyy hh24:mi:ss.ff'));
insert into CAP_CULTURA_PROD (id_cap_cultura_prod, fk_cap_cultura_prod, fk_nom_capitol, fk_nom_unitate_masura, fk_nom_planta_cultura, cod, denumire, descriere, cod_rand, is_formula, tip_formula_relatie, is_suprafata, is_prod_medie, is_prod_total, data_start, data_stop, base_id, last_modified_date)
values (312, 301, 51, 1, null, '12', 'Vinete', null, 12, 0, 1, 1, 1, 1, to_date('21-09-2015', 'dd-mm-yyyy'), null, 312, to_timestamp('19-11-2015 11:19:39.000000', 'dd-mm-yyyy hh24:mi:ss.ff'));
insert into CAP_CULTURA_PROD (id_cap_cultura_prod, fk_cap_cultura_prod, fk_nom_capitol, fk_nom_unitate_masura, fk_nom_planta_cultura, cod, denumire, descriere, cod_rand, is_formula, tip_formula_relatie, is_suprafata, is_prod_medie, is_prod_total, data_start, data_stop, base_id, last_modified_date)
values (313, 301, 51, 1, null, '13', 'Ridichi de lună', null, 13, 0, 1, 1, 1, 1, to_date('21-09-2015', 'dd-mm-yyyy'), null, 313, to_timestamp('19-11-2015 11:19:39.000000', 'dd-mm-yyyy hh24:mi:ss.ff'));
insert into CAP_CULTURA_PROD (id_cap_cultura_prod, fk_cap_cultura_prod, fk_nom_capitol, fk_nom_unitate_masura, fk_nom_planta_cultura, cod, denumire, descriere, cod_rand, is_formula, tip_formula_relatie, is_suprafata, is_prod_medie, is_prod_total, data_start, data_stop, base_id, last_modified_date)
values (314, 301, 51, 1, null, '14', 'Dovlecei', null, 14, 0, 1, 1, 1, 1, to_date('21-09-2015', 'dd-mm-yyyy'), null, 314, to_timestamp('19-11-2015 11:19:39.000000', 'dd-mm-yyyy hh24:mi:ss.ff'));
insert into CAP_CULTURA_PROD (id_cap_cultura_prod, fk_cap_cultura_prod, fk_nom_capitol, fk_nom_unitate_masura, fk_nom_planta_cultura, cod, denumire, descriere, cod_rand, is_formula, tip_formula_relatie, is_suprafata, is_prod_medie, is_prod_total, data_start, data_stop, base_id, last_modified_date)
values (315, 301, 51, 1, null, '15', 'Alte legume', null, 15, 0, 1, 1, 1, 1, to_date('21-09-2015', 'dd-mm-yyyy'), null, 315, to_timestamp('19-11-2015 11:19:39.000000', 'dd-mm-yyyy hh24:mi:ss.ff'));
insert into CAP_CULTURA_PROD (id_cap_cultura_prod, fk_cap_cultura_prod, fk_nom_capitol, fk_nom_unitate_masura, fk_nom_planta_cultura, cod, denumire, descriere, cod_rand, is_formula, tip_formula_relatie, is_suprafata, is_prod_medie, is_prod_total, data_start, data_stop, base_id, last_modified_date)
values (316, 301, 51, 1, null, '16', 'Ciuperci - în sere și/sau solarii', null, 16, 0, 1, 1, 1, 1, to_date('21-09-2015', 'dd-mm-yyyy'), null, 316, to_timestamp('19-11-2015 11:19:39.000000', 'dd-mm-yyyy hh24:mi:ss.ff'));
insert into CAP_CULTURA_PROD (id_cap_cultura_prod, fk_cap_cultura_prod, fk_nom_capitol, fk_nom_unitate_masura, fk_nom_planta_cultura, cod, denumire, descriere, cod_rand, is_formula, tip_formula_relatie, is_suprafata, is_prod_medie, is_prod_total, data_start, data_stop, base_id, last_modified_date)
values (162, 150, 49, 4, null, '162', 'Pepeni galbeni', null, 162, 0, 1, 1, 1, 1, to_date('23-10-2015', 'dd-mm-yyyy'), null, 162, to_timestamp('19-11-2015 11:19:39.000000', 'dd-mm-yyyy hh24:mi:ss.ff'));
insert into CAP_CULTURA_PROD (id_cap_cultura_prod, fk_cap_cultura_prod, fk_nom_capitol, fk_nom_unitate_masura, fk_nom_planta_cultura, cod, denumire, descriere, cod_rand, is_formula, tip_formula_relatie, is_suprafata, is_prod_medie, is_prod_total, data_start, data_stop, base_id, last_modified_date)
values (402, 401, 52, 1, null, '2', 'Varză albă', null, 2, 0, 1, 1, 1, 1, to_date('21-09-2015', 'dd-mm-yyyy'), null, 402, to_timestamp('19-11-2015 11:19:39.000000', 'dd-mm-yyyy hh24:mi:ss.ff'));
insert into CAP_CULTURA_PROD (id_cap_cultura_prod, fk_cap_cultura_prod, fk_nom_capitol, fk_nom_unitate_masura, fk_nom_planta_cultura, cod, denumire, descriere, cod_rand, is_formula, tip_formula_relatie, is_suprafata, is_prod_medie, is_prod_total, data_start, data_stop, base_id, last_modified_date)
values (403, 401, 52, 1, null, '3', 'Varză roșie', null, 3, 0, 1, 1, 1, 1, to_date('21-09-2015', 'dd-mm-yyyy'), null, 403, to_timestamp('19-11-2015 11:19:39.000000', 'dd-mm-yyyy hh24:mi:ss.ff'));
insert into CAP_CULTURA_PROD (id_cap_cultura_prod, fk_cap_cultura_prod, fk_nom_capitol, fk_nom_unitate_masura, fk_nom_planta_cultura, cod, denumire, descriere, cod_rand, is_formula, tip_formula_relatie, is_suprafata, is_prod_medie, is_prod_total, data_start, data_stop, base_id, last_modified_date)
values (404, 401, 52, 1, null, '4', 'Gulii și gulioare', null, 4, 0, 1, 1, 1, 1, to_date('21-09-2015', 'dd-mm-yyyy'), null, 404, to_timestamp('19-11-2015 11:19:39.000000', 'dd-mm-yyyy hh24:mi:ss.ff'));
insert into CAP_CULTURA_PROD (id_cap_cultura_prod, fk_cap_cultura_prod, fk_nom_capitol, fk_nom_unitate_masura, fk_nom_planta_cultura, cod, denumire, descriere, cod_rand, is_formula, tip_formula_relatie, is_suprafata, is_prod_medie, is_prod_total, data_start, data_stop, base_id, last_modified_date)
values (405, 401, 52, 1, null, '5', 'Alte vărzoase', null, 5, 0, 1, 1, 1, 1, to_date('21-09-2015', 'dd-mm-yyyy'), null, 405, to_timestamp('19-11-2015 11:19:39.000000', 'dd-mm-yyyy hh24:mi:ss.ff'));
insert into CAP_CULTURA_PROD (id_cap_cultura_prod, fk_cap_cultura_prod, fk_nom_capitol, fk_nom_unitate_masura, fk_nom_planta_cultura, cod, denumire, descriere, cod_rand, is_formula, tip_formula_relatie, is_suprafata, is_prod_medie, is_prod_total, data_start, data_stop, base_id, last_modified_date)
values (406, 401, 52, 1, null, '6', 'Salatăverde', null, 6, 0, 1, 1, 1, 1, to_date('21-09-2015', 'dd-mm-yyyy'), null, 406, to_timestamp('19-11-2015 11:19:39.000000', 'dd-mm-yyyy hh24:mi:ss.ff'));
insert into CAP_CULTURA_PROD (id_cap_cultura_prod, fk_cap_cultura_prod, fk_nom_capitol, fk_nom_unitate_masura, fk_nom_planta_cultura, cod, denumire, descriere, cod_rand, is_formula, tip_formula_relatie, is_suprafata, is_prod_medie, is_prod_total, data_start, data_stop, base_id, last_modified_date)
values (407, 401, 52, 1, null, '7', 'Spanac', null, 7, 0, 1, 1, 1, 1, to_date('21-09-2015', 'dd-mm-yyyy'), null, 407, to_timestamp('19-11-2015 11:19:39.000000', 'dd-mm-yyyy hh24:mi:ss.ff'));
insert into CAP_CULTURA_PROD (id_cap_cultura_prod, fk_cap_cultura_prod, fk_nom_capitol, fk_nom_unitate_masura, fk_nom_planta_cultura, cod, denumire, descriere, cod_rand, is_formula, tip_formula_relatie, is_suprafata, is_prod_medie, is_prod_total, data_start, data_stop, base_id, last_modified_date)
values (408, 401, 52, 1, null, '8', 'Tomate', null, 8, 0, 1, 1, 1, 1, to_date('21-09-2015', 'dd-mm-yyyy'), null, 408, to_timestamp('19-11-2015 11:19:39.000000', 'dd-mm-yyyy hh24:mi:ss.ff'));
insert into CAP_CULTURA_PROD (id_cap_cultura_prod, fk_cap_cultura_prod, fk_nom_capitol, fk_nom_unitate_masura, fk_nom_planta_cultura, cod, denumire, descriere, cod_rand, is_formula, tip_formula_relatie, is_suprafata, is_prod_medie, is_prod_total, data_start, data_stop, base_id, last_modified_date)
values (409, 401, 52, 1, null, '9', 'Castraveți', null, 9, 0, 1, 1, 1, 1, to_date('21-09-2015', 'dd-mm-yyyy'), null, 409, to_timestamp('19-11-2015 11:19:39.000000', 'dd-mm-yyyy hh24:mi:ss.ff'));
insert into CAP_CULTURA_PROD (id_cap_cultura_prod, fk_cap_cultura_prod, fk_nom_capitol, fk_nom_unitate_masura, fk_nom_planta_cultura, cod, denumire, descriere, cod_rand, is_formula, tip_formula_relatie, is_suprafata, is_prod_medie, is_prod_total, data_start, data_stop, base_id, last_modified_date)
values (410, 409, 52, 1, null, '10', 'din care: cornișon', null, 10, 0, 0, 1, 1, 1, to_date('21-09-2015', 'dd-mm-yyyy'), null, 410, to_timestamp('19-11-2015 11:19:39.000000', 'dd-mm-yyyy hh24:mi:ss.ff'));
insert into CAP_CULTURA_PROD (id_cap_cultura_prod, fk_cap_cultura_prod, fk_nom_capitol, fk_nom_unitate_masura, fk_nom_planta_cultura, cod, denumire, descriere, cod_rand, is_formula, tip_formula_relatie, is_suprafata, is_prod_medie, is_prod_total, data_start, data_stop, base_id, last_modified_date)
values (411, 401, 52, 1, null, '11', 'Ardei', null, 11, 0, 1, 1, 1, 1, to_date('21-09-2015', 'dd-mm-yyyy'), null, 411, to_timestamp('19-11-2015 11:19:39.000000', 'dd-mm-yyyy hh24:mi:ss.ff'));
insert into CAP_CULTURA_PROD (id_cap_cultura_prod, fk_cap_cultura_prod, fk_nom_capitol, fk_nom_unitate_masura, fk_nom_planta_cultura, cod, denumire, descriere, cod_rand, is_formula, tip_formula_relatie, is_suprafata, is_prod_medie, is_prod_total, data_start, data_stop, base_id, last_modified_date)
values (412, 401, 52, 1, null, '12', 'Vinete', null, 12, 0, 1, 1, 1, 1, to_date('21-09-2015', 'dd-mm-yyyy'), null, 412, to_timestamp('19-11-2015 11:19:39.000000', 'dd-mm-yyyy hh24:mi:ss.ff'));
insert into CAP_CULTURA_PROD (id_cap_cultura_prod, fk_cap_cultura_prod, fk_nom_capitol, fk_nom_unitate_masura, fk_nom_planta_cultura, cod, denumire, descriere, cod_rand, is_formula, tip_formula_relatie, is_suprafata, is_prod_medie, is_prod_total, data_start, data_stop, base_id, last_modified_date)
values (413, 401, 52, 1, null, '13', 'Ridichi de lună', null, 13, 0, 1, 1, 1, 1, to_date('21-09-2015', 'dd-mm-yyyy'), null, 413, to_timestamp('19-11-2015 11:19:39.000000', 'dd-mm-yyyy hh24:mi:ss.ff'));
insert into CAP_CULTURA_PROD (id_cap_cultura_prod, fk_cap_cultura_prod, fk_nom_capitol, fk_nom_unitate_masura, fk_nom_planta_cultura, cod, denumire, descriere, cod_rand, is_formula, tip_formula_relatie, is_suprafata, is_prod_medie, is_prod_total, data_start, data_stop, base_id, last_modified_date)
values (414, 401, 52, 1, null, '14', 'Dovlecei', null, 14, 0, 1, 1, 1, 1, to_date('21-09-2015', 'dd-mm-yyyy'), null, 414, to_timestamp('19-11-2015 11:19:39.000000', 'dd-mm-yyyy hh24:mi:ss.ff'));
insert into CAP_CULTURA_PROD (id_cap_cultura_prod, fk_cap_cultura_prod, fk_nom_capitol, fk_nom_unitate_masura, fk_nom_planta_cultura, cod, denumire, descriere, cod_rand, is_formula, tip_formula_relatie, is_suprafata, is_prod_medie, is_prod_total, data_start, data_stop, base_id, last_modified_date)
values (415, 401, 52, 1, null, '15', 'Alte legume', null, 15, 0, 1, 1, 1, 1, to_date('21-09-2015', 'dd-mm-yyyy'), null, 415, to_timestamp('19-11-2015 11:19:39.000000', 'dd-mm-yyyy hh24:mi:ss.ff'));
insert into CAP_CULTURA_PROD (id_cap_cultura_prod, fk_cap_cultura_prod, fk_nom_capitol, fk_nom_unitate_masura, fk_nom_planta_cultura, cod, denumire, descriere, cod_rand, is_formula, tip_formula_relatie, is_suprafata, is_prod_medie, is_prod_total, data_start, data_stop, base_id, last_modified_date)
values (416, 401, 52, 1, null, '16', 'Ciuperci - în sere și/sau solarii', null, 16, 0, 1, 1, 1, 1, to_date('21-09-2015', 'dd-mm-yyyy'), null, 416, to_timestamp('19-11-2015 11:19:39.000000', 'dd-mm-yyyy hh24:mi:ss.ff'));
insert into CAP_CULTURA_PROD (id_cap_cultura_prod, fk_cap_cultura_prod, fk_nom_capitol, fk_nom_unitate_masura, fk_nom_planta_cultura, cod, denumire, descriere, cod_rand, is_formula, tip_formula_relatie, is_suprafata, is_prod_medie, is_prod_total, data_start, data_stop, base_id, last_modified_date)
values (417, null, 52, 1, null, '17', 'Alte culturi în sere și/sau solarii cod (18+...+22)', null, 17, 1, 1, 1, 0, 1, to_date('21-09-2015', 'dd-mm-yyyy'), null, 417, to_timestamp('19-11-2015 11:19:39.000000', 'dd-mm-yyyy hh24:mi:ss.ff'));
insert into CAP_CULTURA_PROD (id_cap_cultura_prod, fk_cap_cultura_prod, fk_nom_capitol, fk_nom_unitate_masura, fk_nom_planta_cultura, cod, denumire, descriere, cod_rand, is_formula, tip_formula_relatie, is_suprafata, is_prod_medie, is_prod_total, data_start, data_stop, base_id, last_modified_date)
values (418, 417, 52, 1, null, '18', 'Căpșuni', null, 18, 0, 1, 1, 1, 1, to_date('21-09-2015', 'dd-mm-yyyy'), null, 418, to_timestamp('19-11-2015 11:19:39.000000', 'dd-mm-yyyy hh24:mi:ss.ff'));
insert into CAP_CULTURA_PROD (id_cap_cultura_prod, fk_cap_cultura_prod, fk_nom_capitol, fk_nom_unitate_masura, fk_nom_planta_cultura, cod, denumire, descriere, cod_rand, is_formula, tip_formula_relatie, is_suprafata, is_prod_medie, is_prod_total, data_start, data_stop, base_id, last_modified_date)
values (419, 417, 52, 1, null, '19', 'Plante medicinale și aromatice', null, 19, 0, 1, 1, 1, 1, to_date('21-09-2015', 'dd-mm-yyyy'), null, 419, to_timestamp('19-11-2015 11:19:39.000000', 'dd-mm-yyyy hh24:mi:ss.ff'));
insert into CAP_CULTURA_PROD (id_cap_cultura_prod, fk_cap_cultura_prod, fk_nom_capitol, fk_nom_unitate_masura, fk_nom_planta_cultura, cod, denumire, descriere, cod_rand, is_formula, tip_formula_relatie, is_suprafata, is_prod_medie, is_prod_total, data_start, data_stop, base_id, last_modified_date)
values (420, 417, 52, 1, null, '20', 'Flori, plante ornamentale și dendrologice', null, 20, 0, 1, 1, 1, 1, to_date('21-09-2015', 'dd-mm-yyyy'), null, 420, to_timestamp('19-11-2015 11:19:39.000000', 'dd-mm-yyyy hh24:mi:ss.ff'));
insert into CAP_CULTURA_PROD (id_cap_cultura_prod, fk_cap_cultura_prod, fk_nom_capitol, fk_nom_unitate_masura, fk_nom_planta_cultura, cod, denumire, descriere, cod_rand, is_formula, tip_formula_relatie, is_suprafata, is_prod_medie, is_prod_total, data_start, data_stop, base_id, last_modified_date)
values (421, 417, 52, 1, null, '21', 'Răsaduri', null, 21, 0, 1, 1, 1, 1, to_date('21-09-2015', 'dd-mm-yyyy'), null, 421, to_timestamp('19-11-2015 11:19:39.000000', 'dd-mm-yyyy hh24:mi:ss.ff'));
insert into CAP_CULTURA_PROD (id_cap_cultura_prod, fk_cap_cultura_prod, fk_nom_capitol, fk_nom_unitate_masura, fk_nom_planta_cultura, cod, denumire, descriere, cod_rand, is_formula, tip_formula_relatie, is_suprafata, is_prod_medie, is_prod_total, data_start, data_stop, base_id, last_modified_date)
values (422, 417, 52, 1, null, '22', 'Arbuști fructiferi', null, 22, 0, 1, 1, 1, 1, to_date('21-09-2015', 'dd-mm-yyyy'), null, 422, to_timestamp('19-11-2015 11:19:39.000000', 'dd-mm-yyyy hh24:mi:ss.ff'));
insert into CAP_CULTURA_PROD (id_cap_cultura_prod, fk_cap_cultura_prod, fk_nom_capitol, fk_nom_unitate_masura, fk_nom_planta_cultura, cod, denumire, descriere, cod_rand, is_formula, tip_formula_relatie, is_suprafata, is_prod_medie, is_prod_total, data_start, data_stop, base_id, last_modified_date)
values (424, null, 52, 1, null, '24', 'Ciuperci - în alte spații protejate', null, 24, 0, 0, 1, 1, 1, to_date('21-09-2015', 'dd-mm-yyyy'), null, 424, to_timestamp('19-11-2015 11:19:39.000000', 'dd-mm-yyyy hh24:mi:ss.ff'));
insert into CAP_CULTURA_PROD (id_cap_cultura_prod, fk_cap_cultura_prod, fk_nom_capitol, fk_nom_unitate_masura, fk_nom_planta_cultura, cod, denumire, descriere, cod_rand, is_formula, tip_formula_relatie, is_suprafata, is_prod_medie, is_prod_total, data_start, data_stop, base_id, last_modified_date)
values (1000, 1, 54, 15, null, '1', 'adaugat-editat', 'adaugat-editat', 1, 0, 0, 0, 0, 0, to_date('01-01-2016 02:00:00', 'dd-mm-yyyy hh24:mi:ss'), to_date('31-01-2016 02:00:00', 'dd-mm-yyyy hh24:mi:ss'), 1000, to_timestamp('28-01-2016 13:42:01.000000', 'dd-mm-yyyy hh24:mi:ss.ff'));
insert into CAP_CULTURA_PROD (id_cap_cultura_prod, fk_cap_cultura_prod, fk_nom_capitol, fk_nom_unitate_masura, fk_nom_planta_cultura, cod, denumire, descriere, cod_rand, is_formula, tip_formula_relatie, is_suprafata, is_prod_medie, is_prod_total, data_start, data_stop, base_id, last_modified_date)
values (1001, 108, 20, 4, 1001, '45dghgd436', '34den', 'Descr 22', 199, 1, 1, 1, 1, 1, to_date('05-02-2016', 'dd-mm-yyyy'), to_date('29-02-2016', 'dd-mm-yyyy'), 1001, to_timestamp('04-02-2016 15:06:09.000000', 'dd-mm-yyyy hh24:mi:ss.ff'));
insert into CAP_CULTURA_PROD (id_cap_cultura_prod, fk_cap_cultura_prod, fk_nom_capitol, fk_nom_unitate_masura, fk_nom_planta_cultura, cod, denumire, descriere, cod_rand, is_formula, tip_formula_relatie, is_suprafata, is_prod_medie, is_prod_total, data_start, data_stop, base_id, last_modified_date)
values (1003, 105, 49, 10, 1002, '101', '45', 'des', 45, 0, 1, 0, 0, 0, to_date('01-02-2016', 'dd-mm-yyyy'), to_date('18-02-2016', 'dd-mm-yyyy'), 1003, to_timestamp('18-02-2016 10:06:11.000000', 'dd-mm-yyyy hh24:mi:ss.ff'));
insert into CAP_CULTURA_PROD (id_cap_cultura_prod, fk_cap_cultura_prod, fk_nom_capitol, fk_nom_unitate_masura, fk_nom_planta_cultura, cod, denumire, descriere, cod_rand, is_formula, tip_formula_relatie, is_suprafata, is_prod_medie, is_prod_total, data_start, data_stop, base_id, last_modified_date)
values (317, null, 51, 1, null, '17', 'Alte culturi în sere și/sau solarii cod (18+...+22)', null, 17, 1, 1, 1, 0, 1, to_date('21-09-2015', 'dd-mm-yyyy'), null, 317, to_timestamp('19-11-2015 11:19:39.000000', 'dd-mm-yyyy hh24:mi:ss.ff'));
insert into CAP_CULTURA_PROD (id_cap_cultura_prod, fk_cap_cultura_prod, fk_nom_capitol, fk_nom_unitate_masura, fk_nom_planta_cultura, cod, denumire, descriere, cod_rand, is_formula, tip_formula_relatie, is_suprafata, is_prod_medie, is_prod_total, data_start, data_stop, base_id, last_modified_date)
values (318, 317, 51, 1, null, '18', 'Căpșuni', null, 18, 0, 1, 1, 1, 1, to_date('21-09-2015', 'dd-mm-yyyy'), null, 318, to_timestamp('19-11-2015 11:19:39.000000', 'dd-mm-yyyy hh24:mi:ss.ff'));
insert into CAP_CULTURA_PROD (id_cap_cultura_prod, fk_cap_cultura_prod, fk_nom_capitol, fk_nom_unitate_masura, fk_nom_planta_cultura, cod, denumire, descriere, cod_rand, is_formula, tip_formula_relatie, is_suprafata, is_prod_medie, is_prod_total, data_start, data_stop, base_id, last_modified_date)
values (319, 317, 51, 1, null, '19', 'Plante medicinale și aromatice', null, 19, 0, 1, 1, 1, 1, to_date('21-09-2015', 'dd-mm-yyyy'), null, 319, to_timestamp('19-11-2015 11:19:39.000000', 'dd-mm-yyyy hh24:mi:ss.ff'));
insert into CAP_CULTURA_PROD (id_cap_cultura_prod, fk_cap_cultura_prod, fk_nom_capitol, fk_nom_unitate_masura, fk_nom_planta_cultura, cod, denumire, descriere, cod_rand, is_formula, tip_formula_relatie, is_suprafata, is_prod_medie, is_prod_total, data_start, data_stop, base_id, last_modified_date)
values (320, 317, 51, 1, null, '20', 'Flori, plante ornamentale și dendrologice', null, 20, 0, 1, 1, 1, 1, to_date('21-09-2015', 'dd-mm-yyyy'), null, 320, to_timestamp('19-11-2015 11:19:39.000000', 'dd-mm-yyyy hh24:mi:ss.ff'));
insert into CAP_CULTURA_PROD (id_cap_cultura_prod, fk_cap_cultura_prod, fk_nom_capitol, fk_nom_unitate_masura, fk_nom_planta_cultura, cod, denumire, descriere, cod_rand, is_formula, tip_formula_relatie, is_suprafata, is_prod_medie, is_prod_total, data_start, data_stop, base_id, last_modified_date)
values (321, 317, 51, 1, null, '21', 'Răsaduri', null, 21, 0, 1, 1, 1, 1, to_date('21-09-2015', 'dd-mm-yyyy'), null, 321, to_timestamp('19-11-2015 11:19:39.000000', 'dd-mm-yyyy hh24:mi:ss.ff'));
insert into CAP_CULTURA_PROD (id_cap_cultura_prod, fk_cap_cultura_prod, fk_nom_capitol, fk_nom_unitate_masura, fk_nom_planta_cultura, cod, denumire, descriere, cod_rand, is_formula, tip_formula_relatie, is_suprafata, is_prod_medie, is_prod_total, data_start, data_stop, base_id, last_modified_date)
values (322, 317, 51, 1, null, '22', 'Arbuști fructiferi', null, 22, 0, 1, 1, 1, 1, to_date('21-09-2015', 'dd-mm-yyyy'), null, 322, to_timestamp('19-11-2015 11:19:39.000000', 'dd-mm-yyyy hh24:mi:ss.ff'));
insert into CAP_CULTURA_PROD (id_cap_cultura_prod, fk_cap_cultura_prod, fk_nom_capitol, fk_nom_unitate_masura, fk_nom_planta_cultura, cod, denumire, descriere, cod_rand, is_formula, tip_formula_relatie, is_suprafata, is_prod_medie, is_prod_total, data_start, data_stop, base_id, last_modified_date)
values (401, null, 52, 1, null, '1', 'Legume în sere și/sau solarii – total exclusiv sămânță cod (02+03+...+09+11+...+16)', null, 1, 1, 1, 1, 0, 1, to_date('21-09-2015', 'dd-mm-yyyy'), null, 401, to_timestamp('19-11-2015 11:19:39.000000', 'dd-mm-yyyy hh24:mi:ss.ff'));
commit;
